commodity_id,commodity_name,function_name,date,interval,unit,value,name,api_response_status,created_at,updated_at
26987,Natural Gas,NATURAL_GAS,1999-11-23,daily,dollars per million BTU,1.99,Henry Hub Natural Gas Spot Price,data,2025-08-03 19:07:21.507445,2025-08-03 19:07:21.507445
24564,Natural Gas,NATURAL_GAS,2009-03-06,daily,dollars per million BTU,3.93,Henry Hub Natural Gas Spot Price,data,2025-08-03 19:07:21.507445,2025-08-03 19:07:21.507445
8398,Crude Oil WTI,WTI,1993-05-20,daily,dollars per barrel,19.56,Crude Oil Prices WTI,data,2025-08-03 19:07:17.857538,2025-08-03 19:07:17.857538
18225,Crude Oil Brent,BRENT,1995-04-14,daily,dollars per barrel,,Crude Oil Prices Brent,data,2025-08-03 19:07:19.906005,2025-08-03 19:07:19.906005
24311,Natural Gas,NATURAL_GAS,2010-02-24,daily,dollars per million BTU,4.91,Henry Hub Natural Gas Spot Price,data,2025-08-03 19:07:21.507445,2025-08-03 19:07:21.507445
19139,Crude Oil Brent,BRENT,1991-10-14,daily,dollars per barrel,22.6,Crude Oil Prices Brent,data,2025-08-03 19:07:19.906005,2025-08-03 19:07:19.906005
31270,Coffee,COFFEE,2004-02-01,monthly,cents per pound,76.2255,Global Price of Coffee,data,2025-08-03 19:07:29.644221,2025-08-03 19:07:29.644221
24944,Natural Gas,NATURAL_GAS,2007-09-21,daily,dollars per million BTU,5.96,Henry Hub Natural Gas Spot Price,data,2025-08-03 19:07:21.507445,2025-08-03 19:07:21.507445
3055,Crude Oil WTI,WTI,2013-11-12,daily,dollars per barrel,93.12,Crude Oil Prices WTI,data,2025-08-03 19:07:17.857538,2025-08-03 19:07:17.857538
26503,Natural Gas,NATURAL_GAS,2001-10-01,daily,dollars per million BTU,1.74,Henry Hub Natural Gas Spot Price,data,2025-08-03 19:07:21.507445,2025-08-03 19:07:21.507445
11944,Crude Oil Brent,BRENT,2019-05-13,daily,dollars per barrel,72.35,Crude Oil Prices Brent,data,2025-08-03 19:07:19.906005,2025-08-03 19:07:19.906005
6064,Crude Oil WTI,WTI,2002-05-01,daily,dollars per barrel,26.58,Crude Oil Prices WTI,data,2025-08-03 19:07:17.857538,2025-08-03 19:07:17.857538
15569,Crude Oil Brent,BRENT,2005-06-20,daily,dollars per barrel,57.1,Crude Oil Prices Brent,data,2025-08-03 19:07:19.906005,2025-08-03 19:07:19.906005
8388,Crude Oil WTI,WTI,1993-06-03,daily,dollars per barrel,19.77,Crude Oil Prices WTI,data,2025-08-03 19:07:17.857538,2025-08-03 19:07:17.857538
20772,Natural Gas,NATURAL_GAS,2023-09-19,daily,dollars per million BTU,2.46,Henry Hub Natural Gas Spot Price,data,2025-08-03 19:07:21.507445,2025-08-03 19:07:21.507445
20214,Crude Oil Brent,BRENT,1987-08-31,daily,dollars per barrel,18.63,Crude Oil Prices Brent,data,2025-08-03 19:07:19.906005,2025-08-03 19:07:19.906005
21485,Natural Gas,NATURAL_GAS,2020-12-24,daily,dollars per million BTU,2.68,Henry Hub Natural Gas Spot Price,data,2025-08-03 19:07:21.507445,2025-08-03 19:07:21.507445
28154,Copper,COPPER,1990-10-01,monthly,dollar per metric ton,2742.546977,Global Price of Copper,data,2025-08-03 19:07:22.903322,2025-08-03 19:07:22.903322
17009,Crude Oil Brent,BRENT,1999-12-13,daily,dollars per barrel,24.31,Crude Oil Prices Brent,data,2025-08-03 19:07:19.906005,2025-08-03 19:07:19.906005
22057,Natural Gas,NATURAL_GAS,2018-10-16,daily,dollars per million BTU,3.27,Henry Hub Natural Gas Spot Price,data,2025-08-03 19:07:21.507445,2025-08-03 19:07:21.507445
23936,Natural Gas,NATURAL_GAS,2011-08-03,daily,dollars per million BTU,4.26,Henry Hub Natural Gas Spot Price,data,2025-08-03 19:07:21.507445,2025-08-03 19:07:21.507445
27522,Natural Gas,NATURAL_GAS,1997-11-04,daily,dollars per million BTU,3.15,Henry Hub Natural Gas Spot Price,data,2025-08-03 19:07:21.507445,2025-08-03 19:07:21.507445
30690,Sugar,SUGAR,2006-12-01,monthly,cents per pound,11.6965,Global Price of Sugar,data,2025-08-03 19:07:28.695161,2025-08-03 19:07:28.695161
31565,Global Commodities Index,ALL_COMMODITIES,2025-01-01,monthly,index 2016=100,172.779787,Global Price Index of All Commodities,data,2025-08-03 19:07:31.379686,2025-08-03 19:07:31.379686
14619,Crude Oil Brent,BRENT,2009-02-09,daily,dollars per barrel,47.23,Crude Oil Prices Brent,data,2025-08-03 19:07:19.906005,2025-08-03 19:07:19.906005
25821,Natural Gas,NATURAL_GAS,2004-05-12,daily,dollars per million BTU,6.41,Henry Hub Natural Gas Spot Price,data,2025-08-03 19:07:21.507445,2025-08-03 19:07:21.507445
22299,Natural Gas,NATURAL_GAS,2017-11-10,daily,dollars per million BTU,3.17,Henry Hub Natural Gas Spot Price,data,2025-08-03 19:07:21.507445,2025-08-03 19:07:21.507445
26996,Natural Gas,NATURAL_GAS,1999-11-10,daily,dollars per million BTU,2.39,Henry Hub Natural Gas Spot Price,data,2025-08-03 19:07:21.507445,2025-08-03 19:07:21.507445
3294,Crude Oil WTI,WTI,2012-12-12,daily,dollars per barrel,86.35,Crude Oil Prices WTI,data,2025-08-03 19:07:17.857538,2025-08-03 19:07:17.857538
18534,Crude Oil Brent,BRENT,1994-02-07,daily,dollars per barrel,14.6,Crude Oil Prices Brent,data,2025-08-03 19:07:19.906005,2025-08-03 19:07:19.906005
7902,Crude Oil WTI,WTI,1995-04-14,daily,dollars per barrel,,Crude Oil Prices WTI,data,2025-08-03 19:07:17.857538,2025-08-03 19:07:17.857538
25834,Natural Gas,NATURAL_GAS,2004-04-23,daily,dollars per million BTU,5.53,Henry Hub Natural Gas Spot Price,data,2025-08-03 19:07:21.507445,2025-08-03 19:07:21.507445
27377,Natural Gas,NATURAL_GAS,1998-05-26,daily,dollars per million BTU,2.1,Henry Hub Natural Gas Spot Price,data,2025-08-03 19:07:21.507445,2025-08-03 19:07:21.507445
21896,Natural Gas,NATURAL_GAS,2019-05-29,daily,dollars per million BTU,2.69,Henry Hub Natural Gas Spot Price,data,2025-08-03 19:07:21.507445,2025-08-03 19:07:21.507445
27318,Natural Gas,NATURAL_GAS,1998-08-17,daily,dollars per million BTU,1.93,Henry Hub Natural Gas Spot Price,data,2025-08-03 19:07:21.507445,2025-08-03 19:07:21.507445
28904,Wheat,WHEAT,2019-04-01,monthly,dollar per metric ton,159.030089,Global Price of Wheat,data,2025-08-03 19:07:25.872809,2025-08-03 19:07:25.872809
7352,Crude Oil WTI,WTI,1997-05-23,daily,dollars per barrel,21.25,Crude Oil Prices WTI,data,2025-08-03 19:07:17.857538,2025-08-03 19:07:17.857538
2322,Crude Oil WTI,WTI,2016-09-02,daily,dollars per barrel,44.39,Crude Oil Prices WTI,data,2025-08-03 19:07:17.857538,2025-08-03 19:07:17.857538
24896,Natural Gas,NATURAL_GAS,2007-11-28,daily,dollars per million BTU,7.51,Henry Hub Natural Gas Spot Price,data,2025-08-03 19:07:21.507445,2025-08-03 19:07:21.507445
12997,Crude Oil Brent,BRENT,2015-04-29,daily,dollars per barrel,63.97,Crude Oil Prices Brent,data,2025-08-03 19:07:19.906005,2025-08-03 19:07:19.906005
4180,Crude Oil WTI,WTI,2009-07-21,daily,dollars per barrel,64.81,Crude Oil Prices WTI,data,2025-08-03 19:07:17.857538,2025-08-03 19:07:17.857538
834,Crude Oil WTI,WTI,2022-05-18,daily,dollars per barrel,109.67,Crude Oil Prices WTI,data,2025-08-03 19:07:17.857538,2025-08-03 19:07:17.857538
1928,Crude Oil WTI,WTI,2018-03-08,daily,dollars per barrel,60.13,Crude Oil Prices WTI,data,2025-08-03 19:07:17.857538,2025-08-03 19:07:17.857538
26317,Natural Gas,NATURAL_GAS,2002-06-18,daily,dollars per million BTU,3.23,Henry Hub Natural Gas Spot Price,data,2025-08-03 19:07:21.507445,2025-08-03 19:07:21.507445
16661,Crude Oil Brent,BRENT,2001-04-12,daily,dollars per barrel,27.12,Crude Oil Prices Brent,data,2025-08-03 19:07:19.906005,2025-08-03 19:07:19.906005
25964,Natural Gas,NATURAL_GAS,2003-10-24,daily,dollars per million BTU,4.78,Henry Hub Natural Gas Spot Price,data,2025-08-03 19:07:21.507445,2025-08-03 19:07:21.507445
7664,Crude Oil WTI,WTI,1996-03-13,daily,dollars per barrel,20.49,Crude Oil Prices WTI,data,2025-08-03 19:07:17.857538,2025-08-03 19:07:17.857538
13632,Crude Oil Brent,BRENT,2012-11-21,daily,dollars per barrel,110.81,Crude Oil Prices Brent,data,2025-08-03 19:07:19.906005,2025-08-03 19:07:19.906005
6873,Crude Oil WTI,WTI,1999-03-25,daily,dollars per barrel,15.66,Crude Oil Prices WTI,data,2025-08-03 19:07:17.857538,2025-08-03 19:07:17.857538
31630,Global Commodities Index,ALL_COMMODITIES,2019-08-01,monthly,index 2016=100,112.040003,Global Price Index of All Commodities,data,2025-08-03 19:07:31.379686,2025-08-03 19:07:31.379686
28174,Copper,COPPER,1989-02-01,monthly,dollar per metric ton,,Global Price of Copper,data,2025-08-03 19:07:22.903322,2025-08-03 19:07:22.903322
20705,Natural Gas,NATURAL_GAS,2023-12-21,daily,dollars per million BTU,2.48,Henry Hub Natural Gas Spot Price,data,2025-08-03 19:07:21.507445,2025-08-03 19:07:21.507445
14739,Crude Oil Brent,BRENT,2008-08-25,daily,dollars per barrel,109.74,Crude Oil Prices Brent,data,2025-08-03 19:07:19.906005,2025-08-03 19:07:19.906005
26263,Natural Gas,NATURAL_GAS,2002-09-02,daily,dollars per million BTU,,Henry Hub Natural Gas Spot Price,data,2025-08-03 19:07:21.507445,2025-08-03 19:07:21.507445
31244,Coffee,COFFEE,2006-04-01,monthly,cents per pound,115.3375,Global Price of Coffee,data,2025-08-03 19:07:29.644221,2025-08-03 19:07:29.644221
4016,Crude Oil WTI,WTI,2010-03-08,daily,dollars per barrel,81.85,Crude Oil Prices WTI,data,2025-08-03 19:07:17.857538,2025-08-03 19:07:17.857538
4930,Crude Oil WTI,WTI,2006-09-05,daily,dollars per barrel,68.7,Crude Oil Prices WTI,data,2025-08-03 19:07:17.857538,2025-08-03 19:07:17.857538
31932,Global Commodities Index,ALL_COMMODITIES,1994-06-01,monthly,index 2016=100,,Global Price Index of All Commodities,data,2025-08-03 19:07:31.379686,2025-08-03 19:07:31.379686
4605,Crude Oil WTI,WTI,2007-12-04,daily,dollars per barrel,88.31,Crude Oil Prices WTI,data,2025-08-03 19:07:17.857538,2025-08-03 19:07:17.857538
21750,Natural Gas,NATURAL_GAS,2019-12-19,daily,dollars per million BTU,2.21,Henry Hub Natural Gas Spot Price,data,2025-08-03 19:07:21.507445,2025-08-03 19:07:21.507445
30592,Sugar,SUGAR,2015-02-01,monthly,cents per pound,14.512105,Global Price of Sugar,data,2025-08-03 19:07:28.695161,2025-08-03 19:07:28.695161
28227,Copper,COPPER,1984-09-01,monthly,dollar per metric ton,,Global Price of Copper,data,2025-08-03 19:07:22.903322,2025-08-03 19:07:22.903322
31858,Global Commodities Index,ALL_COMMODITIES,2000-08-01,monthly,index 2016=100,,Global Price Index of All Commodities,data,2025-08-03 19:07:31.379686,2025-08-03 19:07:31.379686
16540,Crude Oil Brent,BRENT,2001-09-28,daily,dollars per barrel,21.87,Crude Oil Prices Brent,data,2025-08-03 19:07:19.906005,2025-08-03 19:07:19.906005
1193,Crude Oil WTI,WTI,2020-12-31,daily,dollars per barrel,48.35,Crude Oil Prices WTI,data,2025-08-03 19:07:17.857538,2025-08-03 19:07:17.857538
12602,Crude Oil Brent,BRENT,2016-11-02,daily,dollars per barrel,44.26,Crude Oil Prices Brent,data,2025-08-03 19:07:19.906005,2025-08-03 19:07:19.906005
3537,Crude Oil WTI,WTI,2012-01-06,daily,dollars per barrel,101.56,Crude Oil Prices WTI,data,2025-08-03 19:07:17.857538,2025-08-03 19:07:17.857538
29620,Corn,CORN,2005-02-01,monthly,dollar per metric ton,94.359394,Global Price of Corn,data,2025-08-03 19:07:26.857618,2025-08-03 19:07:26.857618
21953,Natural Gas,NATURAL_GAS,2019-03-11,daily,dollars per million BTU,2.86,Henry Hub Natural Gas Spot Price,data,2025-08-03 19:07:21.507445,2025-08-03 19:07:21.507445
29096,Wheat,WHEAT,2003-04-01,monthly,dollar per metric ton,126.048274,Global Price of Wheat,data,2025-08-03 19:07:25.872809,2025-08-03 19:07:25.872809
16454,Crude Oil Brent,BRENT,2002-01-28,daily,dollars per barrel,19.74,Crude Oil Prices Brent,data,2025-08-03 19:07:19.906005,2025-08-03 19:07:19.906005
19012,Crude Oil Brent,BRENT,1992-04-08,daily,dollars per barrel,19.18,Crude Oil Prices Brent,data,2025-08-03 19:07:19.906005,2025-08-03 19:07:19.906005
30321,Cotton,COTTON,1992-03-01,monthly,cents per pound,55.325001,Global Price of Cotton,data,2025-08-03 19:07:27.776530,2025-08-03 19:07:27.776530
17267,Crude Oil Brent,BRENT,1998-12-16,daily,dollars per barrel,10.87,Crude Oil Prices Brent,data,2025-08-03 19:07:19.906005,2025-08-03 19:07:19.906005
26855,Natural Gas,NATURAL_GAS,2000-05-25,daily,dollars per million BTU,4.18,Henry Hub Natural Gas Spot Price,data,2025-08-03 19:07:21.507445,2025-08-03 19:07:21.507445
14517,Crude Oil Brent,BRENT,2009-07-01,daily,dollars per barrel,68.52,Crude Oil Prices Brent,data,2025-08-03 19:07:19.906005,2025-08-03 19:07:19.906005
27326,Natural Gas,NATURAL_GAS,1998-08-05,daily,dollars per million BTU,1.91,Henry Hub Natural Gas Spot Price,data,2025-08-03 19:07:21.507445,2025-08-03 19:07:21.507445
26638,Natural Gas,NATURAL_GAS,2001-03-26,daily,dollars per million BTU,5.23,Henry Hub Natural Gas Spot Price,data,2025-08-03 19:07:21.507445,2025-08-03 19:07:21.507445
2747,Crude Oil WTI,WTI,2015-01-16,daily,dollars per barrel,48.49,Crude Oil Prices WTI,data,2025-08-03 19:07:17.857538,2025-08-03 19:07:17.857538
27743,Copper,COPPER,2025-01-01,monthly,dollar per metric ton,8976.680435,Global Price of Copper,data,2025-08-03 19:07:22.903322,2025-08-03 19:07:22.903322
14396,Crude Oil Brent,BRENT,2009-12-17,daily,dollars per barrel,71.28,Crude Oil Prices Brent,data,2025-08-03 19:07:19.906005,2025-08-03 19:07:19.906005
30108,Cotton,COTTON,2009-12-01,monthly,cents per pound,76.783333,Global Price of Cotton,data,2025-08-03 19:07:27.776530,2025-08-03 19:07:27.776530
14642,Crude Oil Brent,BRENT,2009-01-07,daily,dollars per barrel,46.23,Crude Oil Prices Brent,data,2025-08-03 19:07:19.906005,2025-08-03 19:07:19.906005
29531,Corn,CORN,2012-07-01,monthly,dollar per metric ton,332.998853,Global Price of Corn,data,2025-08-03 19:07:26.857618,2025-08-03 19:07:26.857618
20030,Crude Oil Brent,BRENT,1988-05-13,daily,dollars per barrel,16.5,Crude Oil Prices Brent,data,2025-08-03 19:07:19.906005,2025-08-03 19:07:19.906005
5198,Crude Oil WTI,WTI,2005-08-25,daily,dollars per barrel,67.29,Crude Oil Prices WTI,data,2025-08-03 19:07:17.857538,2025-08-03 19:07:17.857538
4897,Crude Oil WTI,WTI,2006-10-20,daily,dollars per barrel,57.35,Crude Oil Prices WTI,data,2025-08-03 19:07:17.857538,2025-08-03 19:07:17.857538
20334,Natural Gas,NATURAL_GAS,2025-05-23,daily,dollars per million BTU,2.93,Henry Hub Natural Gas Spot Price,data,2025-08-03 19:07:21.507445,2025-08-03 19:07:21.507445
26981,Natural Gas,NATURAL_GAS,1999-12-01,daily,dollars per million BTU,2.17,Henry Hub Natural Gas Spot Price,data,2025-08-03 19:07:21.507445,2025-08-03 19:07:21.507445
5631,Crude Oil WTI,WTI,2003-12-29,daily,dollars per barrel,32.51,Crude Oil Prices WTI,data,2025-08-03 19:07:17.857538,2025-08-03 19:07:17.857538
28336,Aluminum,ALUMINUM,2021-02-01,monthly,dollar per metric ton,2078.5935,Global Price of Aluminum,data,2025-08-03 19:07:23.982588,2025-08-03 19:07:23.982588
21321,Natural Gas,NATURAL_GAS,2021-08-11,daily,dollars per million BTU,4.07,Henry Hub Natural Gas Spot Price,data,2025-08-03 19:07:21.507445,2025-08-03 19:07:21.507445
3857,Crude Oil WTI,WTI,2010-10-15,daily,dollars per barrel,81.23,Crude Oil Prices WTI,data,2025-08-03 19:07:17.857538,2025-08-03 19:07:17.857538
920,Crude Oil WTI,WTI,2022-01-18,daily,dollars per barrel,85.42,Crude Oil Prices WTI,data,2025-08-03 19:07:17.857538,2025-08-03 19:07:17.857538
16662,Crude Oil Brent,BRENT,2001-04-11,daily,dollars per barrel,26.08,Crude Oil Prices Brent,data,2025-08-03 19:07:19.906005,2025-08-03 19:07:19.906005
18769,Crude Oil Brent,BRENT,1993-03-15,daily,dollars per barrel,18.88,Crude Oil Prices Brent,data,2025-08-03 19:07:19.906005,2025-08-03 19:07:19.906005
13218,Crude Oil Brent,BRENT,2014-06-24,daily,dollars per barrel,113.74,Crude Oil Prices Brent,data,2025-08-03 19:07:19.906005,2025-08-03 19:07:19.906005
10867,Crude Oil Brent,BRENT,2023-06-28,daily,dollars per barrel,73.64,Crude Oil Prices Brent,data,2025-08-03 19:07:19.906005,2025-08-03 19:07:19.906005
26531,Natural Gas,NATURAL_GAS,2001-08-22,daily,dollars per million BTU,3.2,Henry Hub Natural Gas Spot Price,data,2025-08-03 19:07:21.507445,2025-08-03 19:07:21.507445
524,Crude Oil WTI,WTI,2023-07-26,daily,dollars per barrel,79.11,Crude Oil Prices WTI,data,2025-08-03 19:07:17.857538,2025-08-03 19:07:17.857538
1673,Crude Oil WTI,WTI,2019-02-28,daily,dollars per barrel,57.21,Crude Oil Prices WTI,data,2025-08-03 19:07:17.857538,2025-08-03 19:07:17.857538
26858,Natural Gas,NATURAL_GAS,2000-05-22,daily,dollars per million BTU,3.95,Henry Hub Natural Gas Spot Price,data,2025-08-03 19:07:21.507445,2025-08-03 19:07:21.507445
26973,Natural Gas,NATURAL_GAS,1999-12-13,daily,dollars per million BTU,2.35,Henry Hub Natural Gas Spot Price,data,2025-08-03 19:07:21.507445,2025-08-03 19:07:21.507445
22085,Natural Gas,NATURAL_GAS,2018-09-06,daily,dollars per million BTU,2.93,Henry Hub Natural Gas Spot Price,data,2025-08-03 19:07:21.507445,2025-08-03 19:07:21.507445
26751,Natural Gas,NATURAL_GAS,2000-10-18,daily,dollars per million BTU,5.36,Henry Hub Natural Gas Spot Price,data,2025-08-03 19:07:21.507445,2025-08-03 19:07:21.507445
11536,Crude Oil Brent,BRENT,2020-12-03,daily,dollars per barrel,48.37,Crude Oil Prices Brent,data,2025-08-03 19:07:19.906005,2025-08-03 19:07:19.906005
30942,Sugar,SUGAR,1985-12-01,monthly,cents per pound,,Global Price of Sugar,data,2025-08-03 19:07:28.695161,2025-08-03 19:07:28.695161
20805,Natural Gas,NATURAL_GAS,2023-08-03,daily,dollars per million BTU,2.44,Henry Hub Natural Gas Spot Price,data,2025-08-03 19:07:21.507445,2025-08-03 19:07:21.507445
18272,Crude Oil Brent,BRENT,1995-02-08,daily,dollars per barrel,17.03,Crude Oil Prices Brent,data,2025-08-03 19:07:19.906005,2025-08-03 19:07:19.906005
23063,Natural Gas,NATURAL_GAS,2014-12-08,daily,dollars per million BTU,3.42,Henry Hub Natural Gas Spot Price,data,2025-08-03 19:07:21.507445,2025-08-03 19:07:21.507445
26750,Natural Gas,NATURAL_GAS,2000-10-19,daily,dollars per million BTU,5.04,Henry Hub Natural Gas Spot Price,data,2025-08-03 19:07:21.507445,2025-08-03 19:07:21.507445
16742,Crude Oil Brent,BRENT,2000-12-20,daily,dollars per barrel,23.29,Crude Oil Prices Brent,data,2025-08-03 19:07:19.906005,2025-08-03 19:07:19.906005
1888,Crude Oil WTI,WTI,2018-05-03,daily,dollars per barrel,68.45,Crude Oil Prices WTI,data,2025-08-03 19:07:17.857538,2025-08-03 19:07:17.857538
14117,Crude Oil Brent,BRENT,2011-01-12,daily,dollars per barrel,97.86,Crude Oil Prices Brent,data,2025-08-03 19:07:19.906005,2025-08-03 19:07:19.906005
31802,Global Commodities Index,ALL_COMMODITIES,2005-04-01,monthly,index 2016=100,94.188585,Global Price Index of All Commodities,data,2025-08-03 19:07:31.379686,2025-08-03 19:07:31.379686
13428,Crude Oil Brent,BRENT,2013-09-03,daily,dollars per barrel,115.49,Crude Oil Prices Brent,data,2025-08-03 19:07:19.906005,2025-08-03 19:07:19.906005
13919,Crude Oil Brent,BRENT,2011-10-17,daily,dollars per barrel,112.92,Crude Oil Prices Brent,data,2025-08-03 19:07:19.906005,2025-08-03 19:07:19.906005
18104,Crude Oil Brent,BRENT,1995-10-02,daily,dollars per barrel,16.55,Crude Oil Prices Brent,data,2025-08-03 19:07:19.906005,2025-08-03 19:07:19.906005
4121,Crude Oil WTI,WTI,2009-10-12,daily,dollars per barrel,73.24,Crude Oil Prices WTI,data,2025-08-03 19:07:17.857538,2025-08-03 19:07:17.857538
14497,Crude Oil Brent,BRENT,2009-07-29,daily,dollars per barrel,65.79,Crude Oil Prices Brent,data,2025-08-03 19:07:19.906005,2025-08-03 19:07:19.906005
5670,Crude Oil WTI,WTI,2003-11-04,daily,dollars per barrel,28.86,Crude Oil Prices WTI,data,2025-08-03 19:07:17.857538,2025-08-03 19:07:17.857538
19361,Crude Oil Brent,BRENT,1990-12-06,daily,dollars per barrel,27.35,Crude Oil Prices Brent,data,2025-08-03 19:07:19.906005,2025-08-03 19:07:19.906005
23029,Natural Gas,NATURAL_GAS,2015-01-23,daily,dollars per million BTU,2.96,Henry Hub Natural Gas Spot Price,data,2025-08-03 19:07:21.507445,2025-08-03 19:07:21.507445
16874,Crude Oil Brent,BRENT,2000-06-19,daily,dollars per barrel,27.69,Crude Oil Prices Brent,data,2025-08-03 19:07:19.906005,2025-08-03 19:07:19.906005
12443,Crude Oil Brent,BRENT,2017-06-13,daily,dollars per barrel,46.95,Crude Oil Prices Brent,data,2025-08-03 19:07:19.906005,2025-08-03 19:07:19.906005
4610,Crude Oil WTI,WTI,2007-11-27,daily,dollars per barrel,94.39,Crude Oil Prices WTI,data,2025-08-03 19:07:17.857538,2025-08-03 19:07:17.857538
12672,Crude Oil Brent,BRENT,2016-07-27,daily,dollars per barrel,42.78,Crude Oil Prices Brent,data,2025-08-03 19:07:19.906005,2025-08-03 19:07:19.906005
16308,Crude Oil Brent,BRENT,2002-08-20,daily,dollars per barrel,27.63,Crude Oil Prices Brent,data,2025-08-03 19:07:19.906005,2025-08-03 19:07:19.906005
482,Crude Oil WTI,WTI,2023-09-22,daily,dollars per barrel,90.0,Crude Oil Prices WTI,data,2025-08-03 19:07:17.857538,2025-08-03 19:07:17.857538
20473,Natural Gas,NATURAL_GAS,2024-11-11,daily,dollars per million BTU,1.21,Henry Hub Natural Gas Spot Price,data,2025-08-03 19:07:21.507445,2025-08-03 19:07:21.507445
26753,Natural Gas,NATURAL_GAS,2000-10-16,daily,dollars per million BTU,5.34,Henry Hub Natural Gas Spot Price,data,2025-08-03 19:07:21.507445,2025-08-03 19:07:21.507445
8702,Crude Oil WTI,WTI,1992-03-20,daily,dollars per barrel,18.78,Crude Oil Prices WTI,data,2025-08-03 19:07:17.857538,2025-08-03 19:07:17.857538
6103,Crude Oil WTI,WTI,2002-03-07,daily,dollars per barrel,23.62,Crude Oil Prices WTI,data,2025-08-03 19:07:17.857538,2025-08-03 19:07:17.857538
21087,Natural Gas,NATURAL_GAS,2022-07-05,daily,dollars per million BTU,5.72,Henry Hub Natural Gas Spot Price,data,2025-08-03 19:07:21.507445,2025-08-03 19:07:21.507445
10160,Crude Oil WTI,WTI,1986-08-19,daily,dollars per barrel,14.98,Crude Oil Prices WTI,data,2025-08-03 19:07:17.857538,2025-08-03 19:07:17.857538
31050,Coffee,COFFEE,2022-06-01,monthly,cents per pound,273.763636,Global Price of Coffee,data,2025-08-03 19:07:29.644221,2025-08-03 19:07:29.644221
25015,Natural Gas,NATURAL_GAS,2007-06-14,daily,dollars per million BTU,7.48,Henry Hub Natural Gas Spot Price,data,2025-08-03 19:07:21.507445,2025-08-03 19:07:21.507445
9826,Crude Oil WTI,WTI,1987-11-30,daily,dollars per barrel,18.52,Crude Oil Prices WTI,data,2025-08-03 19:07:17.857538,2025-08-03 19:07:17.857538
29412,Corn,CORN,2022-06-01,monthly,dollar per metric ton,335.717134,Global Price of Corn,data,2025-08-03 19:07:26.857618,2025-08-03 19:07:26.857618
6882,Crude Oil WTI,WTI,1999-03-12,daily,dollars per barrel,14.51,Crude Oil Prices WTI,data,2025-08-03 19:07:17.857538,2025-08-03 19:07:17.857538
28742,Aluminum,ALUMINUM,1987-04-01,monthly,dollar per metric ton,,Global Price of Aluminum,data,2025-08-03 19:07:23.982588,2025-08-03 19:07:23.982588
21477,Natural Gas,NATURAL_GAS,2021-01-05,daily,dollars per million BTU,2.77,Henry Hub Natural Gas Spot Price,data,2025-08-03 19:07:21.507445,2025-08-03 19:07:21.507445
8566,Crude Oil WTI,WTI,1992-09-28,daily,dollars per barrel,21.78,Crude Oil Prices WTI,data,2025-08-03 19:07:17.857538,2025-08-03 19:07:17.857538
15601,Crude Oil Brent,BRENT,2005-05-05,daily,dollars per barrel,49.81,Crude Oil Prices Brent,data,2025-08-03 19:07:19.906005,2025-08-03 19:07:19.906005
18880,Crude Oil Brent,BRENT,1992-10-09,daily,dollars per barrel,20.48,Crude Oil Prices Brent,data,2025-08-03 19:07:19.906005,2025-08-03 19:07:19.906005
21323,Natural Gas,NATURAL_GAS,2021-08-09,daily,dollars per million BTU,4.24,Henry Hub Natural Gas Spot Price,data,2025-08-03 19:07:21.507445,2025-08-03 19:07:21.507445
8972,Crude Oil WTI,WTI,1991-03-08,daily,dollars per barrel,19.34,Crude Oil Prices WTI,data,2025-08-03 19:07:17.857538,2025-08-03 19:07:17.857538
14957,Crude Oil Brent,BRENT,2007-10-24,daily,dollars per barrel,83.47,Crude Oil Prices Brent,data,2025-08-03 19:07:19.906005,2025-08-03 19:07:19.906005
8352,Crude Oil WTI,WTI,1993-07-23,daily,dollars per barrel,17.67,Crude Oil Prices WTI,data,2025-08-03 19:07:17.857538,2025-08-03 19:07:17.857538
25539,Natural Gas,NATURAL_GAS,2005-06-10,daily,dollars per million BTU,7.09,Henry Hub Natural Gas Spot Price,data,2025-08-03 19:07:21.507445,2025-08-03 19:07:21.507445
5851,Crude Oil WTI,WTI,2003-02-24,daily,dollars per barrel,37.29,Crude Oil Prices WTI,data,2025-08-03 19:07:17.857538,2025-08-03 19:07:17.857538
29772,Corn,CORN,1992-06-01,monthly,dollar per metric ton,110.201927,Global Price of Corn,data,2025-08-03 19:07:26.857618,2025-08-03 19:07:26.857618
23307,Natural Gas,NATURAL_GAS,2013-12-31,daily,dollars per million BTU,4.31,Henry Hub Natural Gas Spot Price,data,2025-08-03 19:07:21.507445,2025-08-03 19:07:21.507445
9684,Crude Oil WTI,WTI,1988-06-15,daily,dollars per barrel,16.56,Crude Oil Prices WTI,data,2025-08-03 19:07:17.857538,2025-08-03 19:07:17.857538
14174,Crude Oil Brent,BRENT,2010-10-25,daily,dollars per barrel,81.91,Crude Oil Prices Brent,data,2025-08-03 19:07:19.906005,2025-08-03 19:07:19.906005
17330,Crude Oil Brent,BRENT,1998-09-18,daily,dollars per barrel,13.92,Crude Oil Prices Brent,data,2025-08-03 19:07:19.906005,2025-08-03 19:07:19.906005
3968,Crude Oil WTI,WTI,2010-05-13,daily,dollars per barrel,74.38,Crude Oil Prices WTI,data,2025-08-03 19:07:17.857538,2025-08-03 19:07:17.857538
18047,Crude Oil Brent,BRENT,1995-12-20,daily,dollars per barrel,18.05,Crude Oil Prices Brent,data,2025-08-03 19:07:19.906005,2025-08-03 19:07:19.906005
17224,Crude Oil Brent,BRENT,1999-02-15,daily,dollars per barrel,,Crude Oil Prices Brent,data,2025-08-03 19:07:19.906005,2025-08-03 19:07:19.906005
2242,Crude Oil WTI,WTI,2016-12-23,daily,dollars per barrel,52.01,Crude Oil Prices WTI,data,2025-08-03 19:07:17.857538,2025-08-03 19:07:17.857538
23686,Natural Gas,NATURAL_GAS,2012-07-18,daily,dollars per million BTU,2.84,Henry Hub Natural Gas Spot Price,data,2025-08-03 19:07:21.507445,2025-08-03 19:07:21.507445
3121,Crude Oil WTI,WTI,2013-08-12,daily,dollars per barrel,106.19,Crude Oil Prices WTI,data,2025-08-03 19:07:17.857538,2025-08-03 19:07:17.857538
23397,Natural Gas,NATURAL_GAS,2013-08-27,daily,dollars per million BTU,3.5,Henry Hub Natural Gas Spot Price,data,2025-08-03 19:07:21.507445,2025-08-03 19:07:21.507445
3498,Crude Oil WTI,WTI,2012-03-01,daily,dollars per barrel,108.76,Crude Oil Prices WTI,data,2025-08-03 19:07:17.857538,2025-08-03 19:07:17.857538
26645,Natural Gas,NATURAL_GAS,2001-03-15,daily,dollars per million BTU,5.27,Henry Hub Natural Gas Spot Price,data,2025-08-03 19:07:21.507445,2025-08-03 19:07:21.507445
17368,Crude Oil Brent,BRENT,1998-07-28,daily,dollars per barrel,12.74,Crude Oil Prices Brent,data,2025-08-03 19:07:19.906005,2025-08-03 19:07:19.906005
16549,Crude Oil Brent,BRENT,2001-09-17,daily,dollars per barrel,28.32,Crude Oil Prices Brent,data,2025-08-03 19:07:19.906005,2025-08-03 19:07:19.906005
25456,Natural Gas,NATURAL_GAS,2005-10-05,daily,dollars per million BTU,,Henry Hub Natural Gas Spot Price,data,2025-08-03 19:07:21.507445,2025-08-03 19:07:21.507445
30223,Cotton,COTTON,2000-05-01,monthly,cents per pound,60.504762,Global Price of Cotton,data,2025-08-03 19:07:27.776530,2025-08-03 19:07:27.776530
31461,Coffee,COFFEE,1988-03-01,monthly,cents per pound,,Global Price of Coffee,data,2025-08-03 19:07:29.644221,2025-08-03 19:07:29.644221
12018,Crude Oil Brent,BRENT,2019-01-29,daily,dollars per barrel,60.98,Crude Oil Prices Brent,data,2025-08-03 19:07:19.906005,2025-08-03 19:07:19.906005
27219,Natural Gas,NATURAL_GAS,1999-01-01,daily,dollars per million BTU,,Henry Hub Natural Gas Spot Price,data,2025-08-03 19:07:21.507445,2025-08-03 19:07:21.507445
22115,Natural Gas,NATURAL_GAS,2018-07-26,daily,dollars per million BTU,2.82,Henry Hub Natural Gas Spot Price,data,2025-08-03 19:07:21.507445,2025-08-03 19:07:21.507445
21392,Natural Gas,NATURAL_GAS,2021-05-04,daily,dollars per million BTU,3.0,Henry Hub Natural Gas Spot Price,data,2025-08-03 19:07:21.507445,2025-08-03 19:07:21.507445
7927,Crude Oil WTI,WTI,1995-03-10,daily,dollars per barrel,17.92,Crude Oil Prices WTI,data,2025-08-03 19:07:17.857538,2025-08-03 19:07:17.857538
30747,Sugar,SUGAR,2002-03-01,monthly,cents per pound,5.9245,Global Price of Sugar,data,2025-08-03 19:07:28.695161,2025-08-03 19:07:28.695161
13357,Crude Oil Brent,BRENT,2013-12-11,daily,dollars per barrel,109.47,Crude Oil Prices Brent,data,2025-08-03 19:07:19.906005,2025-08-03 19:07:19.906005
2079,Crude Oil WTI,WTI,2017-08-09,daily,dollars per barrel,49.59,Crude Oil Prices WTI,data,2025-08-03 19:07:17.857538,2025-08-03 19:07:17.857538
14960,Crude Oil Brent,BRENT,2007-10-19,daily,dollars per barrel,84.25,Crude Oil Prices Brent,data,2025-08-03 19:07:19.906005,2025-08-03 19:07:19.906005
11524,Crude Oil Brent,BRENT,2020-12-21,daily,dollars per barrel,50.61,Crude Oil Prices Brent,data,2025-08-03 19:07:19.906005,2025-08-03 19:07:19.906005
14873,Crude Oil Brent,BRENT,2008-02-19,daily,dollars per barrel,97.03,Crude Oil Prices Brent,data,2025-08-03 19:07:19.906005,2025-08-03 19:07:19.906005
24941,Natural Gas,NATURAL_GAS,2007-09-26,daily,dollars per million BTU,6.47,Henry Hub Natural Gas Spot Price,data,2025-08-03 19:07:21.507445,2025-08-03 19:07:21.507445
7946,Crude Oil WTI,WTI,1995-02-13,daily,dollars per barrel,18.29,Crude Oil Prices WTI,data,2025-08-03 19:07:17.857538,2025-08-03 19:07:17.857538
23089,Natural Gas,NATURAL_GAS,2014-10-31,daily,dollars per million BTU,3.82,Henry Hub Natural Gas Spot Price,data,2025-08-03 19:07:21.507445,2025-08-03 19:07:21.507445
12176,Crude Oil Brent,BRENT,2018-06-21,daily,dollars per barrel,72.87,Crude Oil Prices Brent,data,2025-08-03 19:07:19.906005,2025-08-03 19:07:19.906005
20461,Natural Gas,NATURAL_GAS,2024-11-27,daily,dollars per million BTU,3.39,Henry Hub Natural Gas Spot Price,data,2025-08-03 19:07:21.507445,2025-08-03 19:07:21.507445
10690,Crude Oil Brent,BRENT,2024-03-01,daily,dollars per barrel,84.82,Crude Oil Prices Brent,data,2025-08-03 19:07:19.906005,2025-08-03 19:07:19.906005
9886,Crude Oil WTI,WTI,1987-09-07,daily,dollars per barrel,19.34,Crude Oil Prices WTI,data,2025-08-03 19:07:17.857538,2025-08-03 19:07:17.857538
20964,Natural Gas,NATURAL_GAS,2022-12-23,daily,dollars per million BTU,7.15,Henry Hub Natural Gas Spot Price,data,2025-08-03 19:07:21.507445,2025-08-03 19:07:21.507445
25189,Natural Gas,NATURAL_GAS,2006-10-13,daily,dollars per million BTU,4.3,Henry Hub Natural Gas Spot Price,data,2025-08-03 19:07:21.507445,2025-08-03 19:07:21.507445
24520,Natural Gas,NATURAL_GAS,2009-05-07,daily,dollars per million BTU,3.96,Henry Hub Natural Gas Spot Price,data,2025-08-03 19:07:21.507445,2025-08-03 19:07:21.507445
735,Crude Oil WTI,WTI,2022-10-04,daily,dollars per barrel,86.87,Crude Oil Prices WTI,data,2025-08-03 19:07:17.857538,2025-08-03 19:07:17.857538
6011,Crude Oil WTI,WTI,2002-07-15,daily,dollars per barrel,27.23,Crude Oil Prices WTI,data,2025-08-03 19:07:17.857538,2025-08-03 19:07:17.857538
13430,Crude Oil Brent,BRENT,2013-08-30,daily,dollars per barrel,115.97,Crude Oil Prices Brent,data,2025-08-03 19:07:19.906005,2025-08-03 19:07:19.906005
27721,Natural Gas,NATURAL_GAS,1997-01-29,daily,dollars per million BTU,2.91,Henry Hub Natural Gas Spot Price,data,2025-08-03 19:07:21.507445,2025-08-03 19:07:21.507445
12457,Crude Oil Brent,BRENT,2017-05-24,daily,dollars per barrel,53.29,Crude Oil Prices Brent,data,2025-08-03 19:07:19.906005,2025-08-03 19:07:19.906005
11851,Crude Oil Brent,BRENT,2019-09-19,daily,dollars per barrel,64.25,Crude Oil Prices Brent,data,2025-08-03 19:07:19.906005,2025-08-03 19:07:19.906005
18716,Crude Oil Brent,BRENT,1993-05-27,daily,dollars per barrel,18.43,Crude Oil Prices Brent,data,2025-08-03 19:07:19.906005,2025-08-03 19:07:19.906005
2121,Crude Oil WTI,WTI,2017-06-12,daily,dollars per barrel,46.1,Crude Oil Prices WTI,data,2025-08-03 19:07:17.857538,2025-08-03 19:07:17.857538
5345,Crude Oil WTI,WTI,2005-02-01,daily,dollars per barrel,47.1,Crude Oil Prices WTI,data,2025-08-03 19:07:17.857538,2025-08-03 19:07:17.857538
