overview_id,symbol_id,symbol,assettype,name,description,cik,exchange,currency,country,sector,industry,address,officialsite,fiscalyearend,status,created_at,updated_at
10212,459,AMEH,,,,,,,,,,,,,fail,2025-07-08 17:02:18.837541,2025-07-08 17:02:18.837541
6523,10268,TALKW,Common Stock,Talkspace Inc,None,1803901,NASDAQ,USD,USA,REAL ESTATE & CONSTRUCTION,BLANK CHECKS,"570 LEXINGTON AVENUE, 35TH FLOOR, NEW YORK, NY, US",None,December,pass,2025-07-08 17:02:18.384710,2025-07-08 17:02:18.384710
8136,6688,MCB,Common Stock,Metropolitan Bank Holding,"Metropolitan Bank Holding Corp. The company is headquartered in New York, New York.",1476034,NYSE,USD,USA,FINANCE,STATE COMMERCIAL BANKS,"99 PARK AVENUE, NEW YORK, NY, US",https://www.mcbankny.com,December,pass,2025-07-08 15:03:44.207534,2025-07-08 15:03:44.207534
7060,2058,CLBR-U,Common Stock,CLBR-U,None,1995413,NYSE,USD,USA,REAL ESTATE & CONSTRUCTION,BLANK CHECKS,"214 BRAZILIAN AVENUE, SUITE 200-J, PALM BEACH, FL, UNITED STATES",None,None,pass,2025-07-08 15:03:44.996516,2025-07-08 15:03:44.996516
6413,7567,NTEST-G,Common Stock,NTEST-G,None,None,NYSE,USD,USA,TECHNOLOGY,GENERAL,NONE,None,None,pass,2025-07-08 15:03:44.363713,2025-07-08 15:03:44.363713
7703,235,AGCO,Common Stock,AGCO Corporation,"AGCO Corporation manufactures and distributes agricultural equipment and related spare parts worldwide. The company is headquartered in Duluth, Georgia.",880266,NYSE,USD,USA,TECHNOLOGY,FARM MACHINERY & EQUIPMENT,"4205 RIVER GREEN PKWAY, DULUTH, GA, US",https://www.agcocorp.com,December,pass,2025-07-08 15:03:43.206805,2025-07-08 15:03:43.206805
9377,6517,LSBK,Common Stock,Lake Shore Bancorp Inc,"Lake Shore Bancorp, Inc. is the savings and loan holding company of Lake Shore Savings Bank offering banking products and services. ",1341318,NASDAQ,USD,USA,FINANCE,"SAVINGS INSTITUTION, FEDERALLY CHARTERED","31 EAST FOURTH STREET, DUNKIRK, NY, US",https://lakeshoresavings.com,December,pass,2025-07-08 17:02:20.725579,2025-07-08 17:02:20.725579
2227,925,AXNX,,,,,,,,,,,,,fail,2025-07-08 17:02:21.747391,2025-07-08 17:02:21.747391
9222,69,ABSI,Common Stock,Absci Corp,None,1672688,NASDAQ,USD,USA,TRADE & SERVICES,SERVICES-COMMERCIAL PHYSICAL & BIOLOGICAL RESEARCH,"18105 SE MILL PLAIN BLVD, VANCOUVER, WA, US",https://www.absci.com,December,pass,2025-07-08 17:02:20.095918,2025-07-08 17:02:20.095918
9163,7113,MTEN,Common Stock,Mingteng International Corporation Inc. Ordinary Shares,None,1948099,NASDAQ,USD,USA,MANUFACTURING,"METAL DOORS, SASH, FRAMES, MOLDINGS & TRIM","LVHUA VILLAGE, LUOSHE TOWN, HUISHAN DISTRICT, WUXI, CHINA",https://ir.wxmtmj.cn,December,pass,2025-07-08 17:02:20.085948,2025-07-08 17:02:20.085948
6027,9381,SCCO,Common Stock,Southern Copper Corporation,"Southern Copper Corporation is engaged in the extraction, exploration, smelting and refining of copper and other minerals in Peru, Mexico, Argentina, Ecuador and Chile. ",1001838,NYSE,USD,USA,ENERGY & TRANSPORTATION,METAL MINING,"1440 E. MISSOURI AVENUE, SUITE 160, PHOENIX, AZ, US",https://www.southerncoppercorp.com,December,pass,2025-07-08 15:03:44.622758,2025-07-08 15:03:44.622758
7181,11401,WELL,Common Stock,Welltower Inc,Welltower Inc. is a real estate investment trust that invests in healthcare infrastructure.,766704,NYSE,USD,USA,REAL ESTATE & CONSTRUCTION,REAL ESTATE INVESTMENT TRUSTS,"4500 DORR STREET, TOLEDO, OH, US",https://www.welltower.com,December,pass,2025-07-08 15:03:44.927216,2025-07-08 15:03:44.927216
11000,3562,EXEL,Common Stock,Exelixis Inc,"Exelixis, Inc., an oncology-focused biotechnology company, is focused on the discovery, development, and commercialization of new drugs to treat cancers in the United States. The company is headquartered in Alameda, California.",939767,NASDAQ,USD,USA,TRADE & SERVICES,SERVICES-COMMERCIAL PHYSICAL & BIOLOGICAL RESEARCH,"1851 HARBOR BAY PARKWAY, ALAMEDA, CA, US",https://www.exelixis.com,December,pass,2025-07-08 17:02:19.851318,2025-07-08 17:02:19.851318
9978,11446,WING,Common Stock,Wingstop Inc,"Wingstop Inc., franchises and operates restaurants under the Wingstop brand. The company is headquartered in Dallas, Texas.",1636222,NASDAQ,USD,USA,TRADE & SERVICES,RETAIL-EATING PLACES,"5501 LBJ FREEWAY, 5TH FLOOR, DALLAS, TX, US",https://ir.wingstop.com,December,pass,2025-07-08 17:02:20.513394,2025-07-08 17:02:20.513394
6067,9576,SGU,Common Stock,Star Gas Partners LP,"Star Group, LP sells home heating and air conditioning products and services to residential and commercial heating oil and propane customers in the United States. The company is headquartered in Stamford, Connecticut.",1002590,NYSE,USD,USA,TRADE & SERVICES,"RETAIL-RETAIL STORES, NEC","9 WEST BROAD STREET, SUITE 310, STAMFORD, CT, US",https://www.stargrouplp.com,September,pass,2025-07-08 15:03:44.649060,2025-07-08 15:03:44.649060
2684,4700,GTENU,Common Stock,"Gores Holdings X, Inc. Units",None,None,NASDAQ,USD,USA,TECHNOLOGY,GENERAL,NONE,None,None,pass,2025-07-08 17:02:21.414226,2025-07-08 17:02:21.414226
11375,9020,RGTIW,Common Stock,Rigetti Computing Inc. Warrants,None,1838359,NASDAQ,USD,USA,REAL ESTATE & CONSTRUCTION,BLANK CHECKS,"4301 50TH STREET, N.W., SUITE 300, PMB 1044, WASHINGTON, DC, US",https://www.rigetti.com,December,pass,2025-07-08 17:02:19.480469,2025-07-08 17:02:19.480469
10386,6304,LEXXW,Common Stock,Lexaria Bioscience Corp,"Lexaria Bioscience Corp. The company is headquartered in Kelowna, Canada.",1348362,NASDAQ,USD,USA,ENERGY & TRANSPORTATION,METAL MINING,", ",https://lexariabioscience.com,August,pass,2025-07-08 17:02:19.010700,2025-07-08 17:02:19.010700
6725,2692,DFDV,Common Stock,DeFi Development Corp.,"DeFi Development Corp. The company is headquartered in Boca Raton, Florida.",1805526,NASDAQ,USD,USA,FINANCE,LOAN BROKERS,"6401 CONGRESS AVENUE, SUITE 250, STE 250, BOCA RATON, FL, UNITED STATES",https://defidevcorp.com,December,pass,2025-07-08 17:02:18.529647,2025-07-08 17:02:18.529647
2119,163,ADPT,Common Stock,Adaptive Biotechnologies Corp,"Adaptive Biotechnologies Corporation, a commercial-stage company, develops an immune medicine platform for the diagnosis and treatment of various diseases. The company is headquartered in Seattle, Washington.",1478320,NASDAQ,USD,USA,LIFE SCIENCES,"BIOLOGICAL PRODUCTS, (NO DISGNOSTIC SUBSTANCES)","1551 EASTLAKE AVENUE EAST SUITE 200, SEATTLE, WA, US",https://www.adaptivebiotech.com,December,pass,2025-07-08 17:02:21.061077,2025-07-08 17:02:21.061077
5999,9897,SPB,Common Stock,Spectrum Brands Holdings Inc,"Spectrum Brands Holdings, Inc. is a global branded consumer products company. The company is headquartered in Middleton, Wisconsin.",109177,NYSE,USD,USA,MANUFACTURING,"MISCELLANEOUS ELECTRICAL MACHINERY, EQUIPMENT & SUPPLIES","450 PARK AVENUE, 27TH FLOOR, NEW YORK, NY, US",https://www.spectrumbrands.com,September,pass,2025-07-08 15:03:44.693070,2025-07-08 15:03:44.693070
8421,3149,EFC-P-A,Preferred Stock,EFC-P-A,None,1411342,NYSE,USD,USA,REAL ESTATE & CONSTRUCTION,REAL ESTATE,"53 FOREST AVE, GREENWICH, CT, US",None,None,pass,2025-07-08 15:03:43.743082,2025-07-08 15:03:43.743082
2532,2277,CPAAU,,,,,,,,,,,,,fail,2025-07-08 17:02:21.483610,2025-07-08 17:02:21.483610
6518,4057,FREQ,,,,,,,,,,,,,fail,2025-07-08 17:02:18.377942,2025-07-08 17:02:18.377942
8162,6036,KIM-P-M,Preferred Stock,Kimco Realty Corporation Class M Depositary Shares,Kimco Realty Corporation is a real estate investment trust (REIT) that invests in shopping centers.,879101,NYSE,USD,USA,REAL ESTATE & CONSTRUCTION,REAL ESTATE INVESTMENT TRUSTS,"3333 NEW HYDE PARK RD, PO BOX 5020, NEW HYDE PARK, NY, US",None,None,pass,2025-07-08 15:03:44.118876,2025-07-08 15:03:44.118876
6789,2270,COWNL,,,,,,,,,,,,,fail,2025-07-08 17:02:18.466455,2025-07-08 17:02:18.466455
8896,6819,MGNI,Common Stock,Magnite Inc,"Magnite, Inc. operates an independent sales advertising platform in the United States and internationally. The company is headquartered in Los Angeles, California.",1595974,NASDAQ,USD,USA,TECHNOLOGY,"SERVICES-COMPUTER PROGRAMMING, DATA PROCESSING, ETC.","12181 BLUFF CREEK DRIVE, 4TH FLOOR, LOS ANGELES, CA, US",https://www.magnite.com,December,pass,2025-07-08 17:02:20.266894,2025-07-08 17:02:20.266894
7287,1535,BSM,Common Stock,Black Stone Minerals LP,"Black Stone Minerals, LP, owns and manages oil and natural gas mining interests. The company is headquartered in Houston, Texas.",1621434,NYSE,USD,USA,ENERGY & TRANSPORTATION,CRUDE PETROLEUM & NATURAL GAS,"1001 FANNIN STREET, SUITE 2020, HOUSTON, TX, US",https://www.blackstoneminerals.com,December,pass,2025-07-08 15:03:43.486605,2025-07-08 15:03:43.486605
2048,6285,LEDS,Common Stock,SemiLEDS Corporation,"SemiLEDs Corporation develops, manufactures, and sells light-emitting diode (LED) chips, LED components, and LED modules and systems in the United States, Taiwan, the Netherlands, Germany, Japan, Ireland, and internationally. The company is headquartered in Chunan, Taiwan.",1333822,NASDAQ,USD,USA,MANUFACTURING,SEMICONDUCTORS & RELATED DEVICES,"3F, NO. 11 KE JUNG RD., CHU-NAN SITE, HSINCHU SCIENCE PARK, MIAO-LI COUNTY, CHU-NAN, TW",https://www.semileds.com,August,pass,2025-07-08 17:02:21.106459,2025-07-08 17:02:21.106459
9914,4503,GMAB,Common Stock,Genmab AS,"Genmab A / S develops antibody therapies for the treatment of cancer and other diseases mainly in Denmark. The company is headquartered in Copenhagen, Denmark.",1434265,NASDAQ,USD,USA,LIFE SCIENCES,PHARMACEUTICAL PREPARATIONS,"TOLDBODGADE 33, 1253 COPENHAGEN K, DK",https://www.genmab.com,December,pass,2025-07-08 17:02:20.591359,2025-07-08 17:02:20.591359
1493,7727,NYMTM,Preferred Stock,New York Mortgage Trust Inc PR,"New York Mortgage Trust, Inc. acquires, invests, finances and manages single-family and multi-family mortgage-related residential assets in the United States. The company is headquartered in New York, New York.",1273685,NASDAQ,USD,USA,REAL ESTATE & CONSTRUCTION,REAL ESTATE INVESTMENT TRUSTS,"90 PARK AVENUE, NEW YORK, NY, US",https://www.nymtrust.com,December,pass,2025-07-08 17:02:21.245582,2025-07-08 17:02:21.245582
8801,1118,BEAM,Common Stock,Beam Therapeutics Inc,"Beam Therapeutics Inc., a biotechnology company, develops precision genetic drugs for patients with serious illnesses in the United States. The company is headquartered in Cambridge, Massachusetts.",1745999,NASDAQ,USD,USA,LIFE SCIENCES,"BIOLOGICAL PRODUCTS, (NO DISGNOSTIC SUBSTANCES)","26 LANDSDOWNE STREET, CAMBRIDGE, MA, US",https://beamtx.com,December,pass,2025-07-08 17:02:20.326217,2025-07-08 17:02:20.326217
10475,7638,NVAX,Common Stock,Novavax Inc,"Novavax, Inc., a biotechnology company, focuses on the discovery, development and commercialization of vaccines to prevent serious infectious diseases and address health needs. The company is headquartered in Gaithersburg, Maryland.",1000694,NASDAQ,USD,USA,LIFE SCIENCES,"BIOLOGICAL PRODUCTS, (NO DISGNOSTIC SUBSTANCES)","20 FIRSTFIELD ROAD, GAITHERSBURG, MD, US",https://www.novavax.com,December,pass,2025-07-08 17:02:18.635706,2025-07-08 17:02:18.635706
8165,6041,KIO-R,,,,,,,,,,,,,fail,2025-07-08 15:03:44.120947,2025-07-08 15:03:44.120947
11343,10808,UCB,Common Stock,"United Community Banks, Inc.",None,857855,NASDAQ,USD,USA,FINANCE,STATE COMMERCIAL BANKS,"P O BOX 398, 59 HIGHWAY 515, BLAIRSVILLE, GA, US",https://www.ucbi.com,December,pass,2025-07-08 17:02:19.420984,2025-07-08 17:02:19.420984
10397,3035,DYNXW,Common Stock,Dynamix Corporation Warrant,"Dynamix Corporation focuses on effecting a merger, amalgamation, share exchange, asset acquisition, share purchase, reorganization, or similar business combination with one or more businesses in the energy transition, oil and gas, and power sectors. The company is headquartered in Houston, Texas.",0002028699,NASDAQ,USD,USA,TECHNOLOGY,GENERAL,NONE,https://dynamix-corp.com,None,pass,2025-07-08 17:02:19.020377,2025-07-08 17:02:19.020377
11471,5070,HUT,Common Stock,Hut 8 Corp. Common Stock,None,1964789,NASDAQ,USD,USA,FINANCE,FINANCE SERVICES,"1101 BRICKELL AVENUE, SUITE 1500, MIAMI, FL, UNITED STATES",https://hut8.com,December,pass,2025-07-08 17:02:19.384979,2025-07-08 17:02:19.384979
6302,8062,PAXS,Common Stock,PIMCO Access Income Fund,None,0001886878,NYSE,USD,USA,TECHNOLOGY,GENERAL,NONE,https://www.pimco.com/en-us/investments/closed-end,June,pass,2025-07-08 15:03:44.437971,2025-07-08 15:03:44.437971
6901,10941,USB-P-Q,Preferred Stock,USB-P-Q,"U.S. Bancorp is an American bank holding company based in Minneapolis, Minnesota, and incorporated in Delaware. The company provides banking, investment, mortgage, trust, and payment services products to individuals, businesses, governmental entities, and other financial institutions.",36104,NYSE,USD,USA,FINANCE,NATIONAL COMMERCIAL BANKS,"U.S. BANCORP, 800 NICOLLET MALL, MINNEAPOLIS, MN, US",None,None,pass,2025-07-08 15:03:44.865178,2025-07-08 15:03:44.865178
10467,7083,MSPR,Common Stock,MSP Recovery Inc,None,1802450,NASDAQ,USD,USA,REAL ESTATE & CONSTRUCTION,BLANK CHECKS,"4218 NE 2ND AVENUE, 2ND FL., MIAMI, FL, US",https://www.msprecovery.com,December,pass,2025-07-08 17:02:18.659269,2025-07-08 17:02:18.659269
2865,6063,KLTR,Common Stock,Kaltura Inc,None,1432133,NASDAQ,USD,USA,TECHNOLOGY,SERVICES-PREPACKAGED SOFTWARE,"250 PARK AVENUE SOUTH, 10TH FLOOR, NEW YORK, NY, US",https://www.kaltura.com,December,pass,2025-07-08 17:02:21.559731,2025-07-08 17:02:21.559731
1835,1177,BGFV,Common Stock,Big 5 Sporting Goods Corporation,"Big 5 Sporting Goods Corporation is a sporting goods retailer in the western United States. The company is headquartered in El Segundo, California.",1156388,NASDAQ,USD,USA,TRADE & SERVICES,RETAIL-MISCELLANEOUS SHOPPING GOODS STORES,"2525 EAST EL SEGUNDO BOULEVARD, EL SEGUNDO, CA, US",https://www.big5sportinggoods.com,December,pass,2025-07-08 17:02:20.958597,2025-07-08 17:02:20.958597
11162,10616,TRI,Common Stock,Thomson Reuters Corporation Common Shares,"Thomson Reuters Corporation provides business information services in the Americas, Europe, the Middle East, Africa, and Asia Pacific. ",1075124,NASDAQ,USD,USA,MANUFACTURING,MISCELLANEOUS PUBLISHING,"19 DUNCAN STREET, SUITE 300, TORONTO, A6, CANADA",https://www.thomsonreuters.com,December,pass,2025-07-08 17:02:19.234571,2025-07-08 17:02:19.234571
11115,8139,PCSA,Common Stock,Processa Pharmaceuticals Inc,"Processa Pharmaceuticals, Inc., a clinical-stage biopharmaceutical company, focuses on the development of pharmaceutical products for the treatment of patients with unmet medical needs in the United States. The company is headquartered in Hanover, Maryland.",1533743,NASDAQ,USD,USA,LIFE SCIENCES,PHARMACEUTICAL PREPARATIONS,"7380 COCA COLA DRIVE, SUITE 106, HANOVER, MD, US",https://www.processapharmaceuticals.com,December,pass,2025-07-08 17:02:19.740142,2025-07-08 17:02:19.740142
10841,10319,TBSAU,,,,,,,,,,,,,fail,2025-07-08 17:02:19.646041,2025-07-08 17:02:19.646041
8291,3451,ETI-P,Preferred Stock,Entergy Texas Inc,"Entergy Texas, Inc. generates, transmits, and distributes electrical power through coal in Texas. ",0001427437,NYSE,USD,USA,TECHNOLOGY,GENERAL,NONE,https://www.entergy-texas.com,December,pass,2025-07-08 15:03:43.803643,2025-07-08 15:03:43.803643
8480,4589,GPI,Common Stock,Group 1 Automotive Inc,"Group 1 Automotive, Inc., operates in the automotive retail industry. The company is headquartered in Houston, Texas.",1031203,NYSE,USD,USA,TRADE & SERVICES,RETAIL-AUTO DEALERS & GASOLINE STATIONS,"800 GESSNER, SUITE 500, HOUSTON, TX, US",https://www.group1auto.com,December,pass,2025-07-08 15:03:43.936976,2025-07-08 15:03:43.936976
9074,7382,NGNE,Common Stock,Neurogene Inc,None,1404644,NASDAQ,USD,USA,LIFE SCIENCES,PHARMACEUTICAL PREPARATIONS,"SUITE 360 - 1616 EASTLAKE AVE EAST, SEATTLE, WA, US",https://www.neurogene.com,December,pass,2025-07-08 17:02:19.894225,2025-07-08 17:02:19.894225
20412,8854,RAPP,Common Stock,"Rapport Therapeutics, Inc. Common Stock",None,2012593,NASDAQ,USD,USA,LIFE SCIENCES,PHARMACEUTICAL PREPARATIONS,"1325 BOYLSTON STREET, SUITE 401, BOSTON, MA, UNITED STATES",https://www.rapportrx.com,December,pass,2025-07-08 17:02:19.188719,2025-07-08 17:02:19.188719
8424,3168,EFX,Common Stock,Equifax Inc,"Equifax Inc. is an American multinational consumer credit reporting agency and is one of the three largest consumer credit reporting agencies, along with Experian and TransUnion. In addition to credit and demographic data and services to business, Equifax sells credit monitoring and fraud prevention services directly to consumers.",33185,NYSE,USD,USA,TRADE & SERVICES,"SERVICES-CONSUMER CREDIT REPORTING, COLLECTION AGENCIES","1550 PEACHTREE ST NW, ATLANTA, GA, US",https://www.equifax.com,December,pass,2025-07-08 15:03:43.748352,2025-07-08 15:03:43.748352
9911,9894,SPAI,Common Stock,Safe Pro Group Inc.,"Safe Pro Group Inc. manufactures and sells personal protective gear and ballistic protection products in the United States. The company is headquartered in Aventura, Florida.",2011208,NASDAQ,USD,USA,LIFE SCIENCES,"ORTHOPEDIC, PROSTHETIC & SURGICAL APPLIANCES & SUPPLIES","18305 BISCAYNE BLVD. SUITE 222, SUITE 222, AVENTURA, FL, UNITED STATES",https://safeprogroup.com,December,pass,2025-07-08 17:02:20.566096,2025-07-08 17:02:20.566096
8816,3775,FFNW,,,,,,,,,,,,,fail,2025-07-08 17:02:20.305575,2025-07-08 17:02:20.305575
7888,951,BAC,Common Stock,Bank of America Corp,"The Bank of America Corporation is an American multinational investment bank and financial services holding company headquartered in Charlotte, North Carolina. Founded in San Francisco, Bank of America was formed through NationsBank's acquisition of BankAmerica in 1998. It is the second largest banking institution in the United States, after JPMorgan Chase, and the eighth largest bank in the world. Bank of America is one of the Big Four banking institutions of the United States. It services approximately 10 percent of all American bank deposits, in direct competition with JPMorgan Chase, Citigroup and Wells Fargo. Its primary financial services revolve around commercial banking, wealth management, and investment banking.",70858,NYSE,USD,USA,FINANCE,NATIONAL COMMERCIAL BANKS,"BANK OF AMERICA CORPORATE CENTER, 100 N TRYON ST, CHARLOTTE, NC, US",https://www.bankofamerica.com,December,pass,2025-07-08 15:03:43.374239,2025-07-08 15:03:43.374239
7217,1831,CCU,Common Stock,Compania Cervecerias Unidas SA ADR,"Compaa Cerveceras Unidas SA is a beverage company mainly in Chile, Argentina, Uruguay, Paraguay, Colombia and Bolivia. The company is headquartered in Santiago, Chile.",888746,NYSE,USD,USA,MANUFACTURING,MALT BEVERAGES,"AHUMADA 131, SANTIAGO CHILE, CL",https://www.ccu.cl,December,pass,2025-07-08 15:03:43.526231,2025-07-08 15:03:43.526231
8973,11898,ZYXI,Common Stock,Zynex Inc,"Zynex, Inc. designs, manufactures and markets medical devices to treat chronic and acute pain; and activating and exercising muscles for rehabilitation purposes with electrical stimulation. The company is headquartered in Englewood, Colorado.",846475,NASDAQ,USD,USA,LIFE SCIENCES,ELECTROMEDICAL & ELECTROTHERAPEUTIC APPARATUS,"9555 MAROON CIRCLE, ENGLEWOOD, CO, US",https://www.zynex.com,December,pass,2025-07-08 17:02:20.122214,2025-07-08 17:02:20.122214
8003,4866,HI,Common Stock,Hillenbrand Inc,"Hillenbrand, Inc. is a diversified industrial company in the United States and internationally. The company is headquartered in Batesville, Indiana.",1417398,NYSE,USD,USA,MANUFACTURING,MISCELLANEOUS MANUFACTURING INDUSTRIES,"ONE BATESVILLE BOULEVARD, BATESVILLE, IN, US",https://www.hillenbrand.com,September,pass,2025-07-08 15:03:43.984446,2025-07-08 15:03:43.984446
10184,11094,VERA,Common Stock,Vera Therapeutics Inc,"Vera Therapeutics, Inc., a clinical-stage biotechnology company, focuses on developing and commercializing treatments for patients with serious immune diseases in the United States. The company is headquartered in South San Francisco, California.",1831828,NASDAQ,USD,USA,LIFE SCIENCES,PHARMACEUTICAL PREPARATIONS,"8000 MARINA BOULEVARD, SUITE 120, BRISBANE, CA, US",https://veratx.com,December,pass,2025-07-08 17:02:18.856606,2025-07-08 17:02:18.856606
9655,11750,YAAS,Common Stock,Youxin Technology Ltd Class A Ordinary shares,None,1964946,NASDAQ,USD,China,TECHNOLOGY,SERVICES-PREPACKAGED SOFTWARE,"ROOM 1005, 1006, 1007, NO. 122 HUANGPU AVENUE WEST, GUANGZHOU, CHINA",https://www.youxin.cloud,September,pass,2025-07-08 17:02:20.806402,2025-07-08 17:02:20.806402
8880,2165,CNET,Common Stock,ZW Data Action Technologies Inc,"ZW Data Action Technologies Inc. provides omnichannel advertising, precision marketing, and data analytics management systems in the People's Republic of China. The company is headquartered in Beijing, the People's Republic of China.",1376321,NASDAQ,USD,China,TECHNOLOGY,"SERVICES-COMPUTER PROGRAMMING, DATA PROCESSING, ETC.","NO.3 MIN ZHUANG ROAD, BUILDING 6,, YU QUAN HUI GU TUSPARK,, HAIDIAN DISTRICT, BEIJING,, CHINA",https://www.zdat.com,December,pass,2025-07-08 17:02:20.303899,2025-07-08 17:02:20.303899
9189,5420,IMVT,Common Stock,Immunovant Inc,"Immunovant, Inc., a clinical-stage biopharmaceutical company, develops monoclonal antibodies for the treatment of autoimmune diseases. The company is headquartered in New York, New York.",1764013,NASDAQ,USD,USA,LIFE SCIENCES,"BIOLOGICAL PRODUCTS, (NO DISGNOSTIC SUBSTANCES)","320 WEST 37TH STREET, NEW YORK, NY, US",https://immunovant.com,March,pass,2025-07-08 17:02:20.072204,2025-07-08 17:02:20.072204
7155,11483,WNS,Common Stock,WNS Holdings Ltd,"WNS (Holdings) Limited, a business process management (BPM) company, provides voice, data, analytics and business transformation services globally. The company is headquartered in Mumbai, India.",1356570,NYSE,USD,USA,TRADE & SERVICES,"SERVICES-BUSINESS SERVICES, NEC","515 MADISON AVENUE, 8TH FLOOR, PIROJSHANAGAR, NEW YORK, NY, INDIA",https://www.wns.com,March,pass,2025-07-08 15:03:44.943695,2025-07-08 15:03:44.943695
10036,6397,LINK,Common Stock,Interlink Electronics Inc,"Interlink Electronics, Inc. designs, develops, manufactures, and sells force sensing technologies that incorporate proprietary material technology, firmware, and software into standard sensor-based products and custom sensor system solutions. The company is headquartered in Irvine, California.",828146,NASDAQ,USD,USA,TECHNOLOGY,"COMPUTER PERIPHERAL EQUIPMENT, NEC","31248 OAK CREST DRIVE SUITE 110, WESTLAKE VILLAGE, CA, US",https://www.interlinkelectronics.com,December,pass,2025-07-08 17:02:20.540285,2025-07-08 17:02:20.540285
6352,8310,PJT,Common Stock,PJT Partners Inc,"PJT Partners Inc., an investment bank, provides a variety of shareholder, restructuring and special situations, and capital market advisory services to corporations, financial backers, institutional investors and governments worldwide. The company is headquartered in New York, New York.",1626115,NYSE,USD,USA,FINANCE,INVESTMENT ADVICE,"280 PARK AVENUE, 16TH FLOOR, NEW YORK, NY, US",https://www.pjtpartners.com,December,pass,2025-07-08 15:03:44.471965,2025-07-08 15:03:44.471965
11175,1914,CFSB,Common Stock,CFSB Bancorp Inc,"CFSB Bancorp, Inc. focuses on operating as a holding company for Colonial Federal Savings Bank which provides various financial services to individuals and small businesses. The company is headquartered in Quincy, Massachusetts.",1879103,NASDAQ,USD,USA,FINANCE,"SAVINGS INSTITUTION, FEDERALLY CHARTERED","15 BEACH STREET, QUINCY, MA, US",https://colonialfed.com,June,pass,2025-07-08 17:02:19.298360,2025-07-08 17:02:19.298360
10256,2298,CPOP,Common Stock,Pop Culture Group Co Ltd,"Pop Culture Group Co., Ltd organizes entertainment events for corporate clients in China. The company is headquartered in Xiamen, China.",1807389,NASDAQ,USD,USA,TRADE & SERVICES,SERVICES-AMUSEMENT & RECREATION SERVICES,"ROOM 1207-08, NO. 2488 HUANDAO EAST ROAD, HULI DISTRICT, XIAMEN CITY, FUJIAN PROVINCE, CHINA",https://www.cpop.cn,June,pass,2025-07-08 17:02:19.062877,2025-07-08 17:02:19.062877
2277,9806,SND,Common Stock,Smart Sand Inc,"Smart Sand, Inc., an integrated fracturing sand supply and services company, is engaged in the excavation, processing, and sale of sands or proppant for use in hydraulic fracturing operations in the oil and gas industry in the United States. United. The company is headquartered in The Woodlands, Texas.",1529628,NASDAQ,USD,USA,ENERGY & TRANSPORTATION,MINING & QUARRYING OF NONMETALLIC MINERALS (NO FUELS),"1725 HUGHES LANDING BOULEVARD, SUITE 800, THE WOODLANDS, TX, US",https://www.smartsand.com,December,pass,2025-07-08 17:02:21.652146,2025-07-08 17:02:21.652146
9405,2584,DATS,Common Stock,DatChat Inc,None,1648960,NASDAQ,USD,USA,TECHNOLOGY,TELEGRAPH & OTHER MESSAGE COMMUNICATIONS,"65 CHURCH STREET, SECOND FLOOR, NEW BRUNSWICK, NJ, US",https://datchat.com,December,pass,2025-07-08 17:02:20.729855,2025-07-08 17:02:20.729855
9450,11869,ZS,Common Stock,Zscaler Inc,"Zscaler, Inc. is a global cloud security company. The company is headquartered in San Jose, California.",1713683,NASDAQ,USD,USA,TECHNOLOGY,SERVICES-COMPUTER PROGRAMMING SERVICES,"110 ROSE ORCHARD WAY, SAN JOSE, CA, US",https://www.zscaler.com,July,pass,2025-07-08 17:02:20.632115,2025-07-08 17:02:20.632115
9958,6027,KHC,Common Stock,Kraft Heinz Co,"The Kraft Heinz Company (KHC), commonly known as Kraft Heinz, is an American food company formed by the merger of Kraft Foods and Heinz, co-headquartered in Chicago, Illinois, and Pittsburgh, Pennsylvania.",1637459,NASDAQ,USD,USA,MANUFACTURING,"CANNED, FROZEN & PRESERVD FRUIT, VEG & FOOD SPECIALTIES","ONE PPG PLACE, PITTSBURGH, PA, US",https://www.kraftheinzcompany.com,December,pass,2025-07-08 17:02:20.559973,2025-07-08 17:02:20.559973
7929,5339,IHG,Common Stock,InterContinental Hotels Group PLC ADR,"InterContinental Hotels Group PLC owns, manages, franchises, and leases hotels in the Americas, Europe, Asia, the Middle East, Africa, and Greater China. The company is headquartered in Denham, the United Kingdom.",858446,NYSE,USD,USA,REAL ESTATE & CONSTRUCTION,HOTELS & MOTELS,"BROADWATER PARK, DENHAM, BUCKINGHAMSHIRE, GB",https://www.ihgplc.com,December,pass,2025-07-08 15:03:44.044838,2025-07-08 15:03:44.044838
9158,11044,VANI,Common Stock,Vivani Medical Inc.,None,1266806,NASDAQ,USD,USA,LIFE SCIENCES,ELECTROMEDICAL & ELECTROTHERAPEUTIC APPARATUS,"12744 SAN FERNANDO ROAD, BLDG. 3, SYLMAR, CA, US",https://www.vivani.com,December,pass,2025-07-08 17:02:20.082256,2025-07-08 17:02:20.082256
9536,3129,EEIQ,Common Stock,Elite Education Group International Ltd,"Elite Education Group International Limited, offers study abroad and post-study services to Chinese students in the United States. The company is headquartered in Middletown, Ohio.",1781397,NASDAQ,USD,USA,TRADE & SERVICES,SERVICES-EDUCATIONAL SERVICES,"1209 N. UNIVERSITY BLVD., MIDDLETOWN, OH, US",https://www.epicquesteducation.com,September,pass,2025-07-08 17:02:20.834300,2025-07-08 17:02:20.834300
5895,8668,PYT,Common Stock,PPLUS Trust Series GSC 2 Pref,None,0001196525,NYSE,USD,USA,TECHNOLOGY,GENERAL,NONE,None,None,pass,2025-07-08 15:03:44.530816,2025-07-08 15:03:44.530816
2665,6430,LMB,Common Stock,Limbach Holdings Inc,"Limbach Holdings, Inc. is an integrated building systems solutions company in the United States. The company is headquartered in Pittsburgh, Pennsylvania.",1606163,NASDAQ,USD,USA,REAL ESTATE & CONSTRUCTION,CONSTRUCTION - SPECIAL TRADE CONTRACTORS,"31 35TH STREET, PITTSBURGH, PA, US",https://www.limbachinc.com,December,pass,2025-07-08 17:02:21.452505,2025-07-08 17:02:21.452505
18935,8746,QMMM,Common Stock,QMMM Holdings Limited Ordinary Shares,"QMMM Holdings Limited, provides digital media advertising and marketing production services primarily in Hong Kong. ",1971542,NASDAQ,USD,USA,TRADE & SERVICES,SERVICES-ADVERTISING AGENCIES,"UNIT 1301, BLOCK C, SEA VIEW ESTATE, 8 WATSON ROAD, TIN HAU, HK",https://www.qmmm.io,September,pass,2025-07-08 17:02:20.660678,2025-07-08 17:02:20.660678
1621,11150,VINP,Common Stock,Vinci Partners Investments Ltd,"Vinci Partners Investments Ltd. is an asset management platform in Brazil. The company is headquartered in Rio de Janeiro, Brazil.",1826286,NASDAQ,USD,USA,FINANCE,INVESTMENT ADVICE,"AV. BARTOLOMEU MITRE, 336, LEBLON-RIO DE JANEIRO, BR",https://www.vincipartners.com,December,pass,2025-07-08 17:02:21.336785,2025-07-08 17:02:21.336785
2088,5051,HUBCW,Common Stock,Hub Cyber Security Ltd. Warrant 2/27/28,"HUB Security offers cyber security solutions in Israel and internationally. The company is headquartered in Tel Aviv, Israel.",1905660,NASDAQ,USD,USA,TECHNOLOGY,COMPUTER COMMUNICATIONS EQUIPMENT,"17 ROTHSCHILD BLVD, TEL AVIV, IL",None,December,pass,2025-07-08 17:02:21.035824,2025-07-08 17:02:21.035824
7149,11474,WM,Common Stock,Waste Management Inc,"Waste Management, Inc. is an American waste management, comprehensive waste, and environmental services company in North America. Founded in 1968, the company is headquartered 800 Capitol in Houston, Texas.",823768,NYSE,USD,USA,ENERGY & TRANSPORTATION,REFUSE SYSTEMS,"1001 FANNIN STREET, HOUSTON, TX, US",https://www.wm.com,December,pass,2025-07-08 15:03:44.939851,2025-07-08 15:03:44.939851
8936,5554,IPXXU,,,,,,,,,,,,,fail,2025-07-08 17:02:20.296212,2025-07-08 17:02:20.296212
6924,10315,TBN,Common Stock,Tamboran Resources Corporation,None,1997652,NYSE,USD,USA,ENERGY & TRANSPORTATION,CRUDE PETROLEUM & NATURAL GAS,"SUITE 01, LEVEL 39, TOWER ONE, INTERNATIONAL TOWERS, SYDNEY, AU",https://www.tamboran.com,June,pass,2025-07-08 15:03:44.743398,2025-07-08 15:03:44.743398
10935,6229,LBBBU,,,,,,,,,,,,,fail,2025-07-08 17:02:19.544982,2025-07-08 17:02:19.544982
9890,306,AIFER,Common Stock,Aifeex Nexus Acquisition Corporation,None,None,NASDAQ,USD,USA,TECHNOLOGY,GENERAL,NONE,None,None,pass,2025-07-08 17:02:20.573557,2025-07-08 17:02:20.573557
6382,7579,NTEST-Z,Common Stock,NTEST-Z,None,None,NYSE,USD,USA,TECHNOLOGY,GENERAL,NONE,None,None,pass,2025-07-08 15:03:44.372031,2025-07-08 15:03:44.372031
6923,10304,TBI,Common Stock,TrueBlue Inc,"TrueBlue, Inc., provides specialized workforce solutions in the United States, Canada, and Puerto Rico. The company is headquartered in Tacoma, Washington.",768899,NYSE,USD,USA,TRADE & SERVICES,SERVICES-HELP SUPPLY SERVICES,"1015 A STREET, TACOMA, WA, US",https://www.trueblue.com,December,pass,2025-07-08 15:03:44.742668,2025-07-08 15:03:44.742668
6520,8761,QQHG,,,,,,,,,,,,,fail,2025-07-08 17:02:18.379849,2025-07-08 17:02:18.379849
9710,1880,CENT,Common Stock,Central Garden & Pet Company,"Central Garden & Pet Company produces and distributes various products for the lawn and garden, and pet supply markets in the United States. The company is headquartered in Walnut Creek, California.",887733,NASDAQ,USD,USA,TRADE & SERVICES,WHOLESALE-MISCELLANEOUS NONDURABLE GOODS,"1340 TREAT BOULEVARD, SUITE 600, WALNUT CREEK, CA, US",https://www.central.com,September,pass,2025-07-08 17:02:20.451828,2025-07-08 17:02:20.451828
5989,10091,STEM,Common Stock,Stem Inc,"Stem, Inc. is an energy technology company in the United States. The company is headquartered in Millbrae, California.",1758766,NYSE,USD,USA,REAL ESTATE & CONSTRUCTION,BLANK CHECKS,"C/O MAGNETAR CAPITAL LLC, 1603 ORRINGTON AVENUE, 13TH FLOOR, EVANSTON, IL, US",https://www.stem.com,December,pass,2025-07-08 15:03:44.719726,2025-07-08 15:03:44.719726
11426,11164,VIVS,Common Stock,"VivoSim Labs, Inc.","VivoSim Labs, Inc., a biotechnology company, focuses on developing 3D tissues that recapitulate key aspects of human disease. The company is headquartered in San Diego, California.",1497253,NASDAQ,USD,USA,LIFE SCIENCES,"BIOLOGICAL PRODUCTS, (NO DISGNOSTIC SUBSTANCES)","6275 NANCY RIDGE DRIVE, SUITE 110, SAN DIEGO, CA, US",https://vivosim.ai,March,pass,2025-07-08 17:02:19.321373,2025-07-08 17:02:19.321373
5865,8424,POST,Common Stock,Post Holdings Inc,"Post Holdings, Inc. is a consumer packaged goods holding company in the United States and internationally. The company is headquartered in St. Louis, Missouri.",1530950,NYSE,USD,USA,MANUFACTURING,GRAIN MILL PRODUCTS,"2503 S. HANLEY ROAD, ST. LOUIS, MO, US",https://www.postholdings.com,September,pass,2025-07-08 15:03:44.487150,2025-07-08 15:03:44.487150
7140,11434,WHG,Common Stock,Westwood Holdings Group Inc,"Westwood Holdings Group, Inc., manages investment assets and provides services to its clients. The company is headquartered in Dallas, Texas.",1165002,NYSE,USD,USA,FINANCE,INVESTMENT ADVICE,"200 CRESCENT COURT, SUITE 1200, DALLAS, TX, US",https://www.westwoodgroup.com,December,pass,2025-07-08 15:03:44.934536,2025-07-08 15:03:44.934536
11325,9768,SMID,Common Stock,Smith-Midland Corp,"Smith-Midland Corporation invents, develops, manufactures, markets, leases, licenses, sells, and installs precast concrete products primarily for use in the construction, highway, utility, and agricultural industries. The company is headquartered in Midland, Virginia.",924719,NASDAQ,USD,USA,MANUFACTURING,"CONCRETE PRODUCTS, EXCEPT BLOCK & BRICK","ROUTE 28, P O BOX 300, MIDLAND, VA, US",https://smithmidland.com,December,pass,2025-07-08 17:02:19.452783,2025-07-08 17:02:19.452783
10604,10394,TENB,Common Stock,Tenable Holdings Inc,"Tenable Holdings, Inc. offers cyber exposure solutions in the Americas, Europe, the Middle East, Africa, Asia Pacific, and Japan. The company is headquartered in Columbia, Maryland.",1660280,NASDAQ,USD,USA,TECHNOLOGY,SERVICES-PREPACKAGED SOFTWARE,"6100 MERRIWEATHER DRIVE, COLUMBIA, MD, US",https://www.tenable.com,December,pass,2025-07-08 17:02:18.755560,2025-07-08 17:02:18.755560
2106,2574,DALN,Common Stock,Dallasnews Corp,None,1413898,NASDAQ,USD,USA,MANUFACTURING,NEWSPAPERS: PUBLISHING OR PUBLISHING & PRINTING,"1954 COMMERCE STREET, DALLAS, TX, US",https://dallasnewscorporation.com,December,pass,2025-07-08 17:02:21.019142,2025-07-08 17:02:21.019142
10508,1733,CARE,Common Stock,Carter Bank and Trust,"Carter Bankshares, Inc. is the banking holding company for Carter Bank & Trust offering a variety of banking products and services. The company is headquartered in Martinsville, Virginia.",1829576,NASDAQ,USD,USA,FINANCE,NATIONAL COMMERCIAL BANKS,"1300 KINGS MOUNTAIN ROAD, MARTINSVILLE, VA, US",https://www.carterbank.com,December,pass,2025-07-08 17:02:18.568233,2025-07-08 17:02:18.568233
1513,338,AITR,,,,,,,,,,,,,fail,2025-07-08 17:02:21.224835,2025-07-08 17:02:21.224835
1812,7964,OTRK,Common Stock,Ontrak Inc,"Ontrak, Inc. is a virtualized outpatient health care treatment company, powered by artificial intelligence, providing telehealth or in-person intervention services to health plans and other third-party payers. The company is headquartered in Santa Monica, California.",1136174,NASDAQ,USD,USA,LIFE SCIENCES,"SERVICES-MISC HEALTH & ALLIED SERVICES, NEC","2120 COLORADO AVE, SUITE 230, SANTA MONICA, CA, US",https://ontrakhealth.com,December,pass,2025-07-08 17:02:20.971655,2025-07-08 17:02:20.971655
9289,11601,XEL,Common Stock,Xcel Energy Inc,"Xcel Energy Inc. is a utility holding company based in Minneapolis, Minnesota, serving more than 3.7 million electric customers and 2.1 million natural gas customers in Minnesota, Michigan, Wisconsin, North Dakota, South Dakota, Colorado, Texas, and New Mexico as of 2019. It consists of four operating subsidiaries: Northern States Power-Minnesota, Northern States Power-Wisconsin, Public Service Company of Colorado, and Southwestern Public Service Co.",72903,NASDAQ,USD,USA,ENERGY & TRANSPORTATION,ELECTRIC & OTHER SERVICES COMBINED,"414 NICOLLET MALL, MINNEAPOLIS, MN, US",https://mn.my.xcelenergy.com/s/,December,pass,2025-07-08 17:02:20.047514,2025-07-08 17:02:20.047514
8862,9038,RILYG,Notes,B. Riley Financial Inc. 5.00% Senior Notes due 2026,"B. Riley Financial, Inc. provides financial services and solutions in North America, Australia and Europe. The company is headquartered in Woodland Hills, California.",1464790,NASDAQ,USD,USA,TRADE & SERVICES,"SERVICES-BUSINESS SERVICES, NEC","21255 BURBANK BLVD., SUITE 400, WOODLAND HILLS, CA, US",None,December,pass,2025-07-08 17:02:20.337908,2025-07-08 17:02:20.337908
6245,7048,MS-P-I,Preferred Stock,Morgan Stanley Depository Shares Series 1,"Morgan Stanley is an American multinational investment bank and financial services company headquartered at 1585 Broadway in the Morgan Stanley Building, Midtown Manhattan, New York City.",895421,NYSE,USD,USA,FINANCE,"SECURITY BROKERS, DEALERS & FLOTATION COMPANIES","1585 BROADWAY, NEW YORK, NY, US",None,None,pass,2025-07-08 15:03:44.270234,2025-07-08 15:03:44.270234
9199,207,AEYE,Common Stock,AudioEye Inc,"AudioEye, Inc. provides Internet, printing, streaming, and other media software solutions to individuals regardless of their network connection, device, location, or disabilities in the United States. The company is headquartered in Tucson, Arizona.",1362190,NASDAQ,USD,USA,TECHNOLOGY,SERVICES-PREPACKAGED SOFTWARE,"5210 E. WILLIAMS CIRCLE, FIFTH FLOOR, TUCSON, AZ, US",https://www.audioeye.com,December,pass,2025-07-08 17:02:20.110745,2025-07-08 17:02:20.110745
1997,8489,PROV,Common Stock,Provident Financial Holdings Inc,"Provident Financial Holdings, Inc. is the parent company of Provident Savings Bank, FSB providing community banking services to consumers and small and medium-sized businesses in the Inland Empire region of Southern California. The company is headquartered in Riverside, California.",1010470,NASDAQ,USD,USA,FINANCE,"SAVINGS INSTITUTION, FEDERALLY CHARTERED","3756 CENTRAL AVE, RIVERSIDE, CA, US",https://www.myprovident.com,June,pass,2025-07-08 17:02:21.088806,2025-07-08 17:02:21.088806
2105,2974,DUO,Common Stock,Fangdd Network Group Ltd,"Fangdd Network Group Ltd. is an online real estate market in the People's Republic of China. The company is headquartered in Shenzhen, the People's Republic of China.",1750593,NASDAQ,USD,USA,REAL ESTATE & CONSTRUCTION,REAL ESTATE,"18/F, UNIT B2, KEXING SCIENCE PARK, 15 KEYUAN ROAD, TECHNOLOGY PARK, SHENZHEN, CHINA",https://www.fangdd.com,December,pass,2025-07-08 17:02:21.018450,2025-07-08 17:02:21.018450
9175,9548,SFWL,Common Stock,Shengfeng Development Limited Class A Ordinary Shares,"Shengfeng Development Limited, provides contract logistics services in the People's Republic of China. The company is headquartered in Fuzhou, the People's Republic of China.",1863218,NASDAQ,USD,USA,ENERGY & TRANSPORTATION,TRUCKING & COURIER SERVICES (NO AIR),"SHENGFENG BUILDING, NO. 478 FUXIN EAST ROAD, JINAN DISTRICT, FUZHOU CITY, CHINA",https://www.sfwl.com.cn,December,pass,2025-07-08 17:02:20.062862,2025-07-08 17:02:20.062862
2267,2111,CLXT,,,,,,,,,,,,,fail,2025-07-08 17:02:21.680070,2025-07-08 17:02:21.680070
10410,9501,SELX,Common Stock,Semilux International Ltd. Ordinary Shares,None,1990950,NASDAQ,USD,USA,MANUFACTURING,SEMICONDUCTORS & RELATED DEVICES,"4F., NO. 32, KEYA RD., DAYA DIST., CENTRAL TAIWAN SCIENCE PARK, TAICHUNG CITY, TW",https://www.semilux.com,September,pass,2025-07-08 17:02:18.623198,2025-07-08 17:02:18.623198
5976,10030,SRFM,Common Stock,Surf Air Mobility Inc.,None,1936224,NYSE,USD,USA,ENERGY & TRANSPORTATION,"AIR TRANSPORTATION, NONSCHEDULED","12111 S. CRENSHAW BLVD, HAWTHORNE, CA, UNITED STATES",https://www.surfair.com,December,pass,2025-07-08 15:03:44.706837,2025-07-08 15:03:44.706837
10840,8324,PLAB,Common Stock,Photronics Inc,"Photronics, Inc. manufactures and sells photomask products and services in the United States, Taiwan, Korea, Europe, China, and internationally. The company is headquartered in Brookfield, Connecticut.",810136,NASDAQ,USD,USA,MANUFACTURING,SEMICONDUCTORS & RELATED DEVICES,"15 SECOR ROAD, PO BOX 5226, BROOKFIELD, CT, US",https://www.photronics.com,October,pass,2025-07-08 17:02:19.645268,2025-07-08 17:02:19.645268
9549,6891,MKSI,Common Stock,MKS Instruments Inc,"MKS Instruments, Inc. provides instruments, systems, subsystems, and process control solutions that measure, monitor, deliver, analyze, power, and control critical parameters of manufacturing processes globally. The company is headquartered in Andover, Massachusetts.",1049502,NASDAQ,USD,USA,LIFE SCIENCES,"INDUSTRIAL INSTRUMENTS FOR MEASUREMENT, DISPLAY, AND CONTROL","2 TECH DRIVE, SUITE 201, ANDOVER, MA, US",https://www.mks.com,December,pass,2025-07-08 17:02:20.828878,2025-07-08 17:02:20.828878
12820,1869,CEG,Common Stock,Constellation Energy Corp,"Constellation Energy Corporation is an energy producer in the United States. The company is headquartered in Baltimore, Maryland.",1868275,NASDAQ,USD,USA,ENERGY & TRANSPORTATION,ELECTRIC SERVICES,"1310 POINT STREET, BALTIMORE, MD, US",https://www.constellationenergy.com,December,pass,2025-07-08 17:02:21.149583,2025-07-08 17:02:21.149583
7650,3180,EGHT,Common Stock,8x8 Inc Common Stock,"8x8, Inc. provides enterprise-class voice, video, chat, contact center and contact center application programmable interface (API) software solutions for small and medium-sized businesses, medium-sized and large businesses, government agencies, and other organizations to world level. The company is headquartered in Campbell, California.",1023731,NASDAQ,USD,USA,TECHNOLOGY,SERVICES-COMPUTER PROCESSING & DATA PREPARATION,"2125 O'NEL DRIVE, SAN JOSE, CA, US",https://www.8x8.com,March,pass,2025-07-08 17:02:20.883584,2025-07-08 17:02:20.883584
9515,6394,LINC,Common Stock,Lincoln Educational Services,"Lincoln Educational Services Corporation offers various career-oriented postsecondary education services to high school graduates and working adults in the United States. The company is headquartered in West Orange, New Jersey.",1286613,NASDAQ,USD,USA,TRADE & SERVICES,SERVICES-EDUCATIONAL SERVICES,"200 EXECUTIVE DRIVE, WEST ORANGE, NJ, US",https://www.lincolntech.edu,December,pass,2025-07-08 17:02:20.759220,2025-07-08 17:02:20.759220
2591,4752,GYRO,Common Stock,Gyrodyne Company of America Inc,"Gyrodyne, LLC. ",1589061,NASDAQ,USD,USA,REAL ESTATE & CONSTRUCTION,OPERATORS OF NONRESIDENTIAL BUILDINGS,"1 FLOWERFIELD, SUITE 24, ST. JAMES, NY, US",https://www.gyrodyne.com,December,pass,2025-07-08 17:02:21.492699,2025-07-08 17:02:21.492699
5938,9836,SNV-P-E,Preferred Stock,SNV-P-E,None,18349,NYSE,USD,USA,FINANCE,NATIONAL COMMERCIAL BANKS,"1111 BAY AVENUE, STE 500, COLUMBUS, GA, US",None,None,pass,2025-07-08 15:03:44.680970,2025-07-08 15:03:44.680970
5941,9841,SOAR,Common Stock,Volato Group Inc.,None,1853070,NYSE,USD,USA,REAL ESTATE & CONSTRUCTION,BLANK CHECKS,"11911 FREEDOM DRIVE, SUITE 1080, RESTON, VA, US",https://flyvolato.com,December,pass,2025-07-08 15:03:44.682578,2025-07-08 15:03:44.682578
11334,5297,IFLO,,,,,,,,,,,,,fail,2025-07-08 17:02:19.413094,2025-07-08 17:02:19.413094
8282,3341,EPC,Common Stock,Edgewell Personal Care Co,"Edgewell Personal Care Company manufactures and markets personal care products in the wet shaving, sun and skin care, and feminine care categories in the United States and internationally. The company is headquartered in Shelton, Connecticut.",1096752,NYSE,USD,USA,MANUFACTURING,"MISCELLANEOUS ELECTRICAL MACHINERY, EQUIPMENT & SUPPLIES","533 MARYVILLE UNIVERSITY DRIVE, ST LOUIS, MO, US",https://edgewell.com,September,pass,2025-07-08 15:03:43.778805,2025-07-08 15:03:43.778805
7896,5457,INGR,Common Stock,Ingredion Incorporated,"Ingredion Incorporated, produces and sells starches and sweeteners for various industries. The company is headquartered in Westchester, Illinois.",1046257,NYSE,USD,USA,MANUFACTURING,GRAIN MILL PRODUCTS,"5 WESTBROOK CORPORATE CENTER, WESTCHESTER, IL, US",https://www.ingredion.com,December,pass,2025-07-08 15:03:44.050400,2025-07-08 15:03:44.050400
8156,6662,MBC,Common Stock,MasterBrand Inc.,"MasterBrand, Inc. manufactures and sells residential cabinets for the kitchen, bathroom, and other parts of the home in North America. The company is headquartered in Jasper, Indiana.",1941365,NYSE,USD,USA,MANUFACTURING,"WOOD HOUSEHOLD FURNITURE, (NO UPHOLSTERED)","ONE MASTERBRAND CABINETS DR., JASPER, IN, UNITED STATES",https://www.masterbrand.com,December,pass,2025-07-08 15:03:44.204917,2025-07-08 15:03:44.204917
6887,10977,USPH,Common Stock,US Physicalrapy Inc,"US Physical Therapy, Inc. operates outpatient physical therapy clinics that provide preoperative and postoperative care and treatment for orthopedic-related disorders, sports-related injuries, preventive care, injured worker rehabilitation, and neurology-related injuries. The company is headquartered in Houston, Texas.",885978,NYSE,USD,USA,LIFE SCIENCES,SERVICES-HEALTH SERVICES,"1300 WEST SAM HOUSTON PARKWAY, SUITE 300, HOUSTON, TX, US",https://www.usph.com,December,pass,2025-07-08 15:03:44.868593,2025-07-08 15:03:44.868593
6033,9410,SCHW,Common Stock,Charles Schwab Corp,"The Charles Schwab Corporation is an American multinational financial services company. It offers banking, commercial banking, an electronic trading platform, and wealth management advisory services to both retail and institutional clients.",316709,NYSE,USD,USA,FINANCE,"SECURITY BROKERS, DEALERS & FLOTATION COMPANIES","211 MAIN STREET, SAN FRANCISCO, CA, US",https://www.schwab.com,December,pass,2025-07-08 15:03:44.626154,2025-07-08 15:03:44.626154
1544,10975,USOI,,,,,,,,,,,,,fail,2025-07-08 17:02:21.155807,2025-07-08 17:02:21.155807
2549,10864,ULH,Common Stock,Universal Logistics Holdings Inc,"Universal Logistics Holdings, Inc. offers transportation and logistics solutions in the United States, Mexico, Canada and Colombia. The company is headquartered in Warren, Michigan.",1308208,NASDAQ,USD,USA,ENERGY & TRANSPORTATION,TRUCKING (NO LOCAL),"12755 EAST NINE MILE ROAD, WARREN, MI, US",https://www.universallogistics.com,December,pass,2025-07-08 17:02:21.464043,2025-07-08 17:02:21.464043
10574,2562,CZWI,Common Stock,Citizens Community Bancorp Inc,"Citizens Community Bancorp, Inc. is a bank holding company for Citizens Community Federal NA providing a variety of traditional community banking services to businesses, agricultural operators, and consumers. The company is headquartered in Eau Claire, Wisconsin.",1367859,NASDAQ,USD,USA,FINANCE,"SAVINGS INSTITUTION, FEDERALLY CHARTERED","2174 EASTRIDGE CENTER, EAU CLAIRE, WI, US",https://ccf.us,December,pass,2025-07-08 17:02:18.582604,2025-07-08 17:02:18.582604
19444,6364,LI,Common Stock,Li Auto Inc,"Li Auto Inc. designs, develops, manufactures and sells smart electric sport utility vehicles (SUVs) in China. The company is headquartered in Beijing, China.",1791706,NASDAQ,USD,China,MANUFACTURING,MOTOR VEHICLES & PASSENGER CAR BODIES,"8TH FLOOR, BLOCK D, BUILDING 8, 4TH DISTRICT OF WANGJING EAST GARDEN, BEIJING, CHINA",https://www.lixiang.com,December,pass,2025-07-08 17:02:18.697357,2025-07-08 17:02:18.697357
7732,1137,BEP,Common Stock,Brookfield Renewable Partners LP,"Brookfield Renewable Partners LP has a portfolio of renewable energy generation facilities primarily in North America, Colombia, Brazil, Europe, India, and China. The company is headquartered in Hamilton, Bermuda.",1533232,NYSE,USD,USA,ENERGY & TRANSPORTATION,ELECTRIC SERVICES,"73 FRONT STREET, FIFTH FLOOR, HAMILTON, BM",https://www.bep.brookfield.com,December,pass,2025-07-08 15:03:43.418748,2025-07-08 15:03:43.418748
7584,591,APO,Common Stock,Apollo Global Management LLC Class A,None,1858681,NYSE,USD,USA,FINANCE,INVESTMENT ADVICE,"9 WEST 57TH STREET, 42ND FLOOR, NEW YORK, NY, US",https://www.apollo.com/institutional/homepage,December,pass,2025-07-08 15:03:43.300109,2025-07-08 15:03:43.300109
20294,3260,EMCGW,Common Stock,Embrace Change Acquisition Corp Warrants,Adopt Change Acquisition Corp. ,1869601,NASDAQ,USD,USA,REAL ESTATE & CONSTRUCTION,BLANK CHECKS,"5186 CARROLL CANYON RD, SAN DIEGO, CA, US",https://embracechange.top,December,pass,2025-07-08 17:02:18.947495,2025-07-08 17:02:18.947495
11398,6556,LVACW,,,,,,,,,,,,,fail,2025-07-08 17:02:19.466477,2025-07-08 17:02:19.466477
9937,700,ARTNA,Common Stock,Artesian Resources Corporation,"Artesian Resources Corporation provides water, wastewater, and other services in Delaware, Maryland, and Pennsylvania. The company is headquartered in Newark, Delaware.",863110,NASDAQ,USD,USA,ENERGY & TRANSPORTATION,WATER SUPPLY,"664 CHURCHMANS RD, NEWARK, DE, US",https://www.artesianwater.com,December,pass,2025-07-08 17:02:20.608579,2025-07-08 17:02:20.608579
11075,618,AQB,Common Stock,AquaBounty Technologies Inc,"AquaBounty Technologies, Inc., a biotechnology company, focuses on improving productivity in the commercial aquaculture industry in the United States and Canada. The company is headquartered in Maynard, Massachusetts.",1603978,NASDAQ,USD,USA,LIFE SCIENCES,"FISHING, HUNTING AND TRAPPING","TWO CLOCK TOWER PLACE, SUITE 395, MAYNARD, MA, US",https://www.aquabounty.com,December,pass,2025-07-08 17:02:19.703655,2025-07-08 17:02:19.703655
11249,1580,BTM,Common Stock,Bitcoin Depot Inc.,"Bitcoin Depot Inc. owns and operates a network of cryptocurrency kiosks in North America. The company is headquartered in Atlanta, Georgia.",1901799,NASDAQ,USD,USA,FINANCE,FINANCE SERVICES,"4 VILLAGE ROW, NEW HOPE, PA, US",https://bitcoindepot.com,December,pass,2025-07-08 17:02:19.143890,2025-07-08 17:02:19.143890
7346,1649,BWLP,Common Stock,BW LPG Limited,"BW LPG Limited, an investment holding company, engages in ship owning and chartering activities globally. The company is headquartered in Singapore.",0001649313,NYSE,USD,USA,TECHNOLOGY,GENERAL,NONE,https://www.bwlpg.com,December,pass,2025-07-08 15:03:43.497396,2025-07-08 15:03:43.497396
8667,9267,RXT,Common Stock,Rackspace Technology Inc,"Rackspace Technology, Inc. is a global multi-cloud technology services company. The company is headquartered in San Antonio, Texas.",1810019,NASDAQ,USD,USA,TECHNOLOGY,"SERVICES-COMPUTER PROGRAMMING, DATA PROCESSING, ETC.","1 FANATICAL PLACE, CITY OF WINDCREST, SAN ANTONIO, TX, US",https://www.rackspace.com,December,pass,2025-07-08 17:02:20.237271,2025-07-08 17:02:20.237271
8428,3183,EGO,Common Stock,Eldorado Gold Corp,"discovery, acquisition, financing, development, production, sale and recovery of mineral products, mainly in Turkey, Canada, Greece, Brazil and Romania. The company is headquartered in Vancouver, Canada.",918608,NYSE,USD,USA,ENERGY & TRANSPORTATION,GOLD AND SILVER ORES,"SUITE 1188 - BENTALL 5, 550 BURRARD STREET, VANCOUVER, BC, CA",https://www.eldoradogold.com,December,pass,2025-07-08 15:03:43.751397,2025-07-08 15:03:43.751397
2026,7018,MRBK,Common Stock,Meridian Bank,"Meridian Corporation is the holding company for Meridian Bank offering commercial banking products and services in Pennsylvania, New Jersey, Delaware and Maryland. The company is headquartered in Malvern, Pennsylvania.",1750735,NASDAQ,USD,USA,FINANCE,NATIONAL COMMERCIAL BANKS,"9 OLD LINCOLN HIGHWAY, MALVERN, PA, US",https://www.meridianbanker.com,December,pass,2025-07-08 17:02:21.121362,2025-07-08 17:02:21.121362
6368,8084,PBI-P-B,Preferred Stock,Pitney Bowes Inc 6.70% Notes Due 2043,None,78814,NYSE,USD,USA,TECHNOLOGY,"OFFICE MACHINES, NEC","PITNEY BOWES INC, 3001 SUMMER STREET, STAMFORD, CT, US",None,None,pass,2025-07-08 15:03:44.443790,2025-07-08 15:03:44.443790
10777,9971,SPT,Common Stock,Sprout Social Inc,"Sprout Social, Inc. designs, develops, and operates a web-based social media management tool in the Americas, EMEA, and Asia Pacific. The company is headquartered in Chicago, Illinois.",1517375,NASDAQ,USD,USA,TECHNOLOGY,SERVICES-PREPACKAGED SOFTWARE,"131 SOUTH DEARBORN STREET, SUITE 700, CHICAGO, IL, US",https://www.sproutsocial.com,December,pass,2025-07-08 17:02:19.627178,2025-07-08 17:02:19.627178
2120,7664,NVNO,Common Stock,enVVeno Medical Corp,None,1661053,NASDAQ,USD,USA,LIFE SCIENCES,SURGICAL & MEDICAL INSTRUMENTS & APPARATUS,"70 DOPPLER, IRVINE, CA, US",https://www.envveno.com,December,pass,2025-07-08 17:02:21.061759,2025-07-08 17:02:21.061759
6726,8410,POAI,Common Stock,Predictive Oncology Inc,"Predictive Oncology Inc. offers a variety of health care products and services primarily in the United States. The company is headquartered in Eagan, Minnesota.",1446159,NASDAQ,USD,USA,LIFE SCIENCES,"ORTHOPEDIC, PROSTHETIC & SURGICAL APPLIANCES & SUPPLIES","2915 COMMERS DRIVE,, SUITE 900, EAGAN, MN, US",https://predictive-oncology.com,December,pass,2025-07-08 17:02:18.530508,2025-07-08 17:02:18.530508
8751,9009,RGC,Common Stock,Regencell Bioscience Holdings Ltd,"Regal Entertainment Group, is a film exhibitor in the United States. The company is headquartered in Knoxville, Tennessee.",1829667,NASDAQ,USD,USA,LIFE SCIENCES,MEDICINAL CHEMICALS & BOTANICAL PRODUCTS,"11/F FIRST COMMERCIAL BUILDING, 33-35 LEIGHTON ROAD, CAUSEWAY BAY, HONG KONG, HK",https://www.regencellbioscience.com,June,pass,2025-07-08 17:02:20.173066,2025-07-08 17:02:20.173066
8819,6686,MCACU,,,,,,,,,,,,,fail,2025-07-08 17:02:20.307871,2025-07-08 17:02:20.307871
7671,283,AHH-P-A,Preferred Stock,Armada Hoffler Properties Inc 675 Series A Cumulative Redeemable Perpetual Preferred Stock,None,1569187,NYSE,USD,USA,REAL ESTATE & CONSTRUCTION,REAL ESTATE,"222 CENTRAL PARK AVENUE, SUITE 2100, VIRGINIA BEACH, VA, US",None,December,pass,2025-07-08 15:03:43.221365,2025-07-08 15:03:43.221365
11399,5317,IGIC,Common Stock,International General Insurance Holdings Ltd,"International General Insurance Holdings Ltd. provides specialized insurance and reinsurance solutions globally. The company is headquartered in Amman, Jordan.",1794338,NASDAQ,USD,USA,FINANCE,"INSURANCE CARRIERS, NEC","74 ABDEL HAMID SHARAF STREET, P.O. BOX 941428, AMMAN, JO",https://www.iginsure.com,December,pass,2025-07-08 17:02:19.409794,2025-07-08 17:02:19.409794
9986,9233,RVNC,,,,,,,,,,,,,fail,2025-07-08 17:02:20.503888,2025-07-08 17:02:20.503888
2530,4490,GLSI,Common Stock,Greenwich Lifesciences Inc,"Greenwich LifeSciences, Inc., a clinical-stage biopharmaceutical company, focuses on the development of new cancer immunotherapies for breast and other HER2 / neu-expressing cancers. The company is headquartered in Stafford, Texas.",1799788,NASDAQ,USD,USA,LIFE SCIENCES,PHARMACEUTICAL PREPARATIONS,"3992 BLUEBONNET DR, BUILDING 14, STAFFORD, TX, US",https://greenwichlifesciences.com,December,pass,2025-07-08 17:02:21.482389,2025-07-08 17:02:21.482389
6606,10642,TRTN-P-B,Preferred Stock,TRTN-P-B,None,1660734,NYSE,USD,USA,TRADE & SERVICES,"SERVICES-EQUIPMENT RENTAL & LEASING, NEC","CANON'S COURT, 22 VICTORIA STREET, HAMILTON, BM",None,None,pass,2025-07-08 15:03:45.053125,2025-07-08 15:03:45.053125
5925,8563,PSN,Common Stock,Parsons Corp,"Parsons Corporation provides technology-based solutions in defense, intelligence, and critical infrastructure markets in North America, the Middle East, and internationally. The company is headquartered in Centreville, Virginia.",275880,NYSE,USD,USA,TECHNOLOGY,SERVICES-COMPUTER INTEGRATED SYSTEMS DESIGN,"5875 TRINITY PKWY #300, CENTREVILLE, VA, US",https://www.parsons.com,December,pass,2025-07-08 15:03:44.520098,2025-07-08 15:03:44.520098
6149,7380,NGL-P-B,Preferred Stock,NGL ENERGY PARTNERS LP 9.00% Class B Fixed-to-Floating Rate Cumulative Redeemable Perpetual Preferred Units representing limited partnership interests,None,1504461,NYSE,USD,USA,TRADE & SERVICES,WHOLESALE-PETROLEUM & PETROLEUM PRODUCTS (NO BULK STATIONS),"6120 S. YALE, SUITE 805, TULSA, OK, US",None,None,pass,2025-07-08 15:03:44.317290,2025-07-08 15:03:44.317290
2160,2134,CMND,Common Stock,Clearmind Medicine Inc. Common Shares,"Clearmind Medicine Inc., a preclinical pharmaceutical company, develops new psychedelic drugs to treat neglected health problems. The company is headquartered in Vancouver, Canada.",1892500,NASDAQ,USD,USA,LIFE SCIENCES,PHARMACEUTICAL PREPARATIONS,"101 – 1220 WEST 6TH AVENUE, VANCOUVER, CA",https://www.clearmindmedicine.com,October,pass,2025-07-08 17:02:21.733664,2025-07-08 17:02:21.733664
5827,9078,RLX,Common Stock,RLX Technology Inc,"RLX Technology Inc., researches, develops, manufactures, distributes and sells e-vapor products in the People's Republic of China. The company is headquartered in Beijing, China.",1828365,NYSE,USD,China,MANUFACTURING,CIGARETTES,"35/F, PEARL INTERNATIONAL FINANCIAL CENT, NO. 9 JIAN’AN FIRST ROAD, FINANCIAL STRE, SHENZHEN, GUANGDONG PROVINCE, CHINA",https://ir.relxtech.com,December,pass,2025-07-08 15:03:44.577222,2025-07-08 15:03:44.577222
18783,3651,FBYDW,Common Stock,"Falcon's Beyond Global, Inc. Warrants","Falcon's Beyond Global Inc. is an entertainment powerhouse and innovator in storytelling. The company is headquartered in Orlando, Florida.",1937987,NASDAQ,USD,USA,TRADE & SERVICES,SERVICES-MISCELLANEOUS AMUSEMENT & RECREATION,"1768 PARK CENTER DRIVE, ORLANDO, FL, UNITED STATES",https://www.falconsbeyond.com,December,pass,2025-07-08 17:02:20.542061,2025-07-08 17:02:20.542061
6134,7133,MTX,Common Stock,Minerals Technologies Inc,"Minerals Technologies Inc. develops, produces and markets a variety of specialty mineral, synthetic mineral and mineral products, and supporting systems and services. The company is headquartered in New York, New York.",891014,NYSE,USD,USA,LIFE SCIENCES,INDUSTRIAL INORGANIC CHEMICALS,"622 THIRD AVENUE, NEW YORK, NY, US",https://www.mineralstech.com,December,pass,2025-07-08 15:03:44.290373,2025-07-08 15:03:44.290373
1684,3570,EXPD,Common Stock,"Expeditors International of Washington, Inc.","Expeditors (Expeditors International of Washington) is an American worldwide logistics and freight forwarding company headquartered in Seattle, Washington.",746515,NASDAQ,USD,USA,ENERGY & TRANSPORTATION,ARRANGEMENT OF TRANSPORTATION OF FREIGHT & CARGO,"1015 THIRD AVENUE, SEATTLE, WA, US",https://www.expeditors.com,December,pass,2025-07-08 17:02:21.365311,2025-07-08 17:02:21.365311
11265,10182,SVIIU,Unit,Spring Valley Acquisition Corp. II Unit,"Spring Valley Acquisition Corporation. The company is headquartered in Dallas, Texas.",1843477,NASDAQ,USD,USA,REAL ESTATE & CONSTRUCTION,BLANK CHECKS,"2100 MCKINNEY AVE., SUITE 1675, DALLAS, TX, UNITED STATES",https://www.sv-ac.com,December,pass,2025-07-08 17:02:19.178137,2025-07-08 17:02:19.178137
9052,9833,SNTI,Common Stock,Senti Biosciences Inc,None,1854270,NASDAQ,USD,USA,REAL ESTATE & CONSTRUCTION,BLANK CHECKS,"2875 EL CAMINO REAL, REDWOOD CITY, CA, US",https://www.sentibio.com,December,pass,2025-07-08 17:02:19.976736,2025-07-08 17:02:19.976736
10377,11084,VEEAW,Common Stock,Veea Inc,None,1840317,NASDAQ,USD,USA,REAL ESTATE & CONSTRUCTION,BLANK CHECKS,"2021 FILLMORE ST. #2089, SAN FRANCISCO,, CA, US",https://www.veea.com,December,pass,2025-07-08 17:02:19.043951,2025-07-08 17:02:19.043951
2064,8197,PETWW,Common Stock,Wag! Group Co,"Wag! The company is headquartered in Purchase, New York.",1842356,NASDAQ,USD,USA,REAL ESTATE & CONSTRUCTION,BLANK CHECKS,"2 MANHATTANVILLE ROAD, SUITE 403, PURCHASE, NY, US",https://wagwalking.com,December,pass,2025-07-08 17:02:21.115839,2025-07-08 17:02:21.115839
9174,4066,FRLAU,,,,,,,,,,,,,fail,2025-07-08 17:02:20.061980,2025-07-08 17:02:20.061980
8578,4357,GENI,Common Stock,Genius Sports Ltd,"Genius Sports Limited develops and sells technology-based products and services for the sports, sports betting and sports media industries. The company is headquartered in London, United Kingdom.",1834489,NYSE,USD,USA,TRADE & SERVICES,SERVICES-MISCELLANEOUS AMUSEMENT & RECREATION,"27 SOHO SQUARE, 1ST FLOOR, GENIUS SPORTS GROUP, LONDON, UNITED KINGDOM",https://www.geniussports.com,December,pass,2025-07-08 15:03:43.903397,2025-07-08 15:03:43.903397
11095,11383,WDC,Common Stock,Western Digital Corporation,"Western Digital Corporation (WDC, commonly known as Western Digital or WD) is an American computer hard disk drive manufacturer and data storage company, headquartered in San Jose, California. It designs, manufactures and sells data technology products, including storage devices, data center systems and cloud storage services.",106040,NASDAQ,USD,USA,TECHNOLOGY,COMPUTER STORAGE DEVICES,"5601 GREAT OAKS PARKWAY, SAN JOSE, CA, US",https://www.westerndigital.com,June,pass,2025-07-08 17:02:19.767529,2025-07-08 17:02:19.767529
9974,6362,LHSW,Common Stock,Lianhe Sowell International Group Ltd Ordinary Shares,"Lianhe Sowell International Group Ltd, provides machine vision products and solutions in China. The company is headquartered in Shenzhen, China.",None,NASDAQ,USD,USA,TECHNOLOGY,GENERAL,NONE,None,March,pass,2025-07-08 17:02:20.526926,2025-07-08 17:02:20.526926
5858,8482,PRMB,Common Stock,Primo Brands Corporation,None,2042694,NYSE,USD,USA,MANUFACTURING,BEVERAGES,"1150 ASSEMBLY DRIVE, SUITE 800, TAMPA, FL, UNITED STATES",https://www.primobrands.com,December,pass,2025-07-08 15:03:44.500853,2025-07-08 15:03:44.500853
1600,585,APLT,Common Stock,Applied Therapeutics Inc,"Applied Therapeutics, Inc., a clinical-stage biopharmaceutical company, develops novel products to combat cardiovascular disease, galactosemia, and diabetes complications. The company is headquartered in New York, New York.",1697532,NASDAQ,USD,USA,LIFE SCIENCES,PHARMACEUTICAL PREPARATIONS,"340 MADISON AVENUE, 19TH FLOOR, NEW YORK, NY, US",https://www.appliedtherapeutics.com,December,pass,2025-07-08 17:02:21.162127,2025-07-08 17:02:21.162127
6403,7533,NRP,Common Stock,Natural Resource Partners LP,"Natural Resource Partners LP, owns, manages and leases a portfolio of mineral properties in the United States. The company is headquartered in Houston, Texas.",1171486,NYSE,USD,USA,ENERGY & TRANSPORTATION,BITUMINOUS COAL & LIGNITE SURFACE MINING,"1201 LOUISIANA STREET, SUITE 3400, HOUSTON, TX, US",https://nrplp.com,December,pass,2025-07-08 15:03:44.354899,2025-07-08 15:03:44.354899
6757,9557,SGD,Common Stock,Safe and Green Development Corporation,None,1959023,NASDAQ,USD,USA,REAL ESTATE & CONSTRUCTION,REAL ESTATE,"990 BISCAYNE BLVD., #501, OFFICE 12, MIAMI, FL, UNITED STATES",https://www.sgdevco.com,December,pass,2025-07-08 17:02:18.399585,2025-07-08 17:02:18.399585
19326,10991,UTAAU,,,,,,,,,,,,,fail,2025-07-08 17:02:19.731333,2025-07-08 17:02:19.731333
7080,206,AEVAW,Common Stock,"Aeva Technologies, Inc. Warrants","Aeva Technologies, Inc. engages in the design, development, manufacture, and sale of LiDAR sensing systems, and related perception and autonomy-enabling software solutions in North America, Europe, the Middle East, Africa, and Asia. The company is headquartered in Mountain View, California.",1789029,NYSE,USD,USA,REAL ESTATE & CONSTRUCTION,BLANK CHECKS,"1350 AVENUE OF THE AMERICAS, NEW YORK, NY, US",https://www.aeva.com,December,pass,2025-07-08 15:03:44.979977,2025-07-08 15:03:44.979977
6786,8142,PCTTU,Unit,Purecycle Technologies Holdings Corp Unit,"PureCycle Technologies, Inc. produces recycled polypropylene (PP). The company is headquartered in Orlando, Florida.",1830033,NASDAQ,USD,USA,LIFE SCIENCES,"PLASTIC MATERIALS, SYNTH RESINS & NONVULCAN ELASTOMERS","20 NORTH ORANGE AVENUE, SUITE 106, ORLANDO, FL, UNITED STATES",https://www.purecycle.com,December,pass,2025-07-08 17:02:18.463364,2025-07-08 17:02:18.463364
9642,5616,ISSC,Common Stock,Innovative Solutions and Support,"Innovative Solutions and Support, Inc., a systems integrator, designs, develops, manufactures, sells, and provides flight guidance, auto-throttle, and cockpit display systems services in the United States and internationally. The company is headquartered in Exton, Pennsylvania.",836690,NASDAQ,USD,USA,TECHNOLOGY,SERVICES-COMPUTER PROGRAMMING SERVICES,"420 LAPP RD, MALVERN, PA, US",https://innovative-ss.com,September,pass,2025-07-08 17:02:20.767887,2025-07-08 17:02:20.767887
11475,1632,BVFL,Common Stock,"BV Financial, Inc. Common Stock","BV Financial, Inc. is the holding company for BayVanguard Bank that provides various financial services to individuals and businesses in Maryland. ",1302387,NASDAQ,USD,USA,FINANCE,"SAVINGS INSTITUTION, FEDERALLY CHARTERED","7114 NORTH POINT ROAD, BALTIMORE, MD, UNITED STATES",https://www.bayvanguard.com,December,pass,2025-07-08 17:02:19.371837,2025-07-08 17:02:19.371837
2138,1188,BGRY,,,,,,,,,,,,,fail,2025-07-08 17:02:21.040816,2025-07-08 17:02:21.040816
1575,185,AEHL,Common Stock,Antelope Enterprise Holdings Ltd,"Antelope Enterprise Holdings Limited, manufactures and sells ceramic tiles for exterior cladding and interior flooring, and design in residential and commercial buildings in the People's Republic of China. The company is headquartered in Jinjiang, the People's Republic of China.",1470683,NASDAQ,USD,USA,MANUFACTURING,STRUCTURAL CLAY PRODUCTS,"UNIT 2905, 29/F, METROPLAZA TOWER 2, 223 HING FONG ROAD, KWAI CHUNG, NT, HONG KONG, CO",https://www.aehltd.com,December,pass,2025-07-08 17:02:21.178699,2025-07-08 17:02:21.178699
17736,4364,GEO,Common Stock,Geo Group Inc,"The GEO Group (NYSE: GEO) is the first fully integrated capital real estate investment trust specializing in the design, financing, development and operation of secure facilities, processing centers and community re-entry centers in the United States, Australia, South Africa, and the United Kingdom. ",923796,NYSE,USD,USA,REAL ESTATE & CONSTRUCTION,REAL ESTATE INVESTMENT TRUSTS,"4955 TECHNOLOGY WAY, BOCA RATON, FL, US",https://www.geogroup.com,December,pass,2025-07-08 15:03:43.904001,2025-07-08 15:03:43.904001
9072,6562,LVROW,Common Stock,Lavoro Limited Warrant,"Lavoro Limited is an agricultural input retailer in Brazil, Colombia, Peru, Chile, and Uruguay. The company is headquartered in Sao Paulo, Brazil.",1945711,NASDAQ,USD,USA,TRADE & SERVICES,RETAIL-MISCELLANEOUS RETAIL,"AV. DR. CARDOSO DE MELO, 1450, 4TH FLOOR, SÃO PAULO—SP, BR",None,June,pass,2025-07-08 17:02:19.892743,2025-07-08 17:02:19.892743
5757,8987,RF-P-C,Preferred Stock,RF-P-C,"Regions Financial Corporation is a bank holding company headquartered in the Regions Center in Birmingham, Alabama. The company provides retail banking and commercial banking, trust, stockbrokerage, and mortgage services.",1281761,NYSE,USD,USA,FINANCE,NATIONAL COMMERCIAL BANKS,"1900 FIFTH AVENUE NORTH, BIRMINGHAM, AL, US",None,None,pass,2025-07-08 15:03:44.561096,2025-07-08 15:03:44.561096
10101,10330,TCBS,Common Stock,Texas Community Bancshares Inc,None,1849466,NASDAQ,USD,USA,FINANCE,"SAVINGS INSTITUTIONS, NOT FEDERALLY CHARTERED","215 WEST BROAD STREET, MINEOLA, TX, US",https://www.broadstreet.bank,December,pass,2025-07-08 17:02:18.957939,2025-07-08 17:02:18.957939
6841,10865,ULS,Common Stock,UL Solutions Inc.,"UL Solutions Inc. provides safety science services globally. The company is headquartered in Northbrook, Illinois with additional offices in North America, Asia Pacific, Africa, Europe, Latin America, and Middle East.",1901440,NYSE,USD,USA,TRADE & SERVICES,SERVICES-TESTING LABORATORIES,"333 PFINGSTEN RD, NORTHBROOK, IL, UNITED STATES",https://www.ul.com,December,pass,2025-07-08 15:03:44.853219,2025-07-08 15:03:44.853219
8590,4162,FTV,Common Stock,Fortive Corp,"Fortive is an American diversified industrial technology conglomerate company headquartered in Everett, Washington.",1659166,NYSE,USD,USA,LIFE SCIENCES,"INDUSTRIAL INSTRUMENTS FOR MEASUREMENT, DISPLAY, AND CONTROL","6920 SEAWAY BLVD., EVERETT, WA, US",https://www.fortive.com,December,pass,2025-07-08 15:03:43.883242,2025-07-08 15:03:43.883242
1534,809,ATMVU,Unit,AlphaVest Acquisition Corp Unit,None,1937891,NASDAQ,USD,USA,REAL ESTATE & CONSTRUCTION,BLANK CHECKS,"420 LEXINGTON AVE, SUITE 2446, NEW YORK, NY, UNITED STATES",https://www.alphavestacquisition.com,December,pass,2025-07-08 17:02:21.148557,2025-07-08 17:02:21.148557
10493,6794,MFICL,Notes,MidCap Financial Investment Corporation 8.00% Notes due 2028,None,1278752,NASDAQ,USD,USA,TECHNOLOGY,GENERAL,NONE,https://www.midcapfinancialic.com,None,pass,2025-07-08 17:02:18.646784,2025-07-08 17:02:18.646784
11328,3072,ECBK,Common Stock,ECB Bancorp Inc.,None,1914605,NASDAQ,USD,USA,FINANCE,"SAVINGS INSTITUTIONS, NOT FEDERALLY CHARTERED","419 BROADWAY, EVERETT, MA, US",https://www.everettbank.com,December,pass,2025-07-08 17:02:19.455113,2025-07-08 17:02:19.455113
1672,238,AGEN,Common Stock,Agenus Inc,"Agenus Inc., a clinical-stage immuno-oncology company, discovers and develops immuno-oncology products in the United States and internationally. The company is headquartered in Lexington, Massachusetts.",1098972,NASDAQ,USD,USA,LIFE SCIENCES,"BIOLOGICAL PRODUCTS, (NO DISGNOSTIC SUBSTANCES)","3 FORBES ROAD, LEXINGTON, MA, US",https://www.agenusbio.com,December,pass,2025-07-08 17:02:21.371525,2025-07-08 17:02:21.371525
16507,7566,NTEST-C,,,,,,,,,,,,,fail,2025-07-08 15:03:44.363136,2025-07-08 15:03:44.363136
2821,1448,BPOP,Common Stock,Popular Inc,"Popular, Inc., offers various retail, mortgage and commercial banking products and services in Puerto Rico and the United States. The company is headquartered in Hato Rey, Puerto Rico.",763901,NASDAQ,USD,USA,FINANCE,STATE COMMERCIAL BANKS,"209 MUNOZ RIVERA AVE, POPULAR CENTER BUILDING, HATO REY, PR",https://www.popular.com,December,pass,2025-07-08 17:02:21.530051,2025-07-08 17:02:21.530051
7936,5454,ING,Common Stock,ING Group NV ADR,"ING Groep NV, a financial institution, offers various banking products and services to individuals, small and medium-sized businesses and medium-sized businesses. The company is headquartered in Amsterdam, the Netherlands.",1039765,NYSE,USD,USA,FINANCE,"COMMERCIAL BANKS, NEC","PO BOX 1800, AMSTERDAM, NETHERLANDS",https://www.ing.com,December,pass,2025-07-08 15:03:44.049249,2025-07-08 15:03:44.049249
10708,4326,GDSTU,Unit,Goldenstone Acquisition Ltd Unit,"Goldenstone Acquisition Limited is a blank check company focused on entering into a merger, share swap, asset acquisition, share purchase, recapitalization, reorganization or other business combination with one or more companies or entities. The company is headquartered in Aurora, Illinois.",1858007,NASDAQ,USD,USA,REAL ESTATE & CONSTRUCTION,BLANK CHECKS,"4360 E. NEW YORK STREET, AURORA, IL, US",None,March,pass,2025-07-08 17:02:18.691189,2025-07-08 17:02:18.691189
2559,8790,QSG,Common Stock,QuantaSing Group Limited American Depositary Shares,"QuantaSing Group Limited provides online learning services in the People's Republic of China. The company is headquartered in Beijing, the People's Republic of China.",1932770,NASDAQ,USD,China,TRADE & SERVICES,SERVICES-EDUCATIONAL SERVICES,"2/F, BUILDING D, RONSIN TECHNOLOGY CENTER, BEIJING, CHINA",https://www.liangzizhige.com,June,pass,2025-07-08 17:02:21.470904,2025-07-08 17:02:21.470904
7738,1057,BC,Common Stock,Brunswick Corporation,"Brunswick Corporation designs, manufactures and markets recreational products worldwide. The company is headquartered in Mettawa, Illinois.",14930,NYSE,USD,USA,TECHNOLOGY,ENGINES & TURBINES,"26125 N. RIVERWOODS BLVD. SUITE 500, METTAWA, IL, US",https://www.brunswick.com,December,pass,2025-07-08 15:03:43.405364,2025-07-08 15:03:43.405364
1651,1482,BRLIU,,,,,,,,,,,,,fail,2025-07-08 17:02:21.327638,2025-07-08 17:02:21.327638
7799,1278,BKD,Common Stock,Brookdale Senior Living Inc,"Brookdale Senior Living Inc. owns and operates senior communities in the United States. The company is headquartered in Brentwood, Tennessee.",1332349,NYSE,USD,USA,LIFE SCIENCES,SERVICES-NURSING & PERSONAL CARE FACILITIES,"111 WESTWOOD PLACE, SUITE 400, BRENTWOOD, TN, US",https://www.brookdale.com,December,pass,2025-07-08 15:03:43.447838,2025-07-08 15:03:43.447838
11397,4635,GRNQ,Common Stock,GreenPro Capital Corp,"Greenpro Capital Corp. The company is headquartered in Hung Hom, Hong Kong.",1597846,NASDAQ,USD,USA,TECHNOLOGY,SERVICES-COMPUTER PROCESSING & DATA PREPARATION,"ROOM 1701-1703 17F THE METROPOLIS TOWER, 10 METROPOLIS DRIVE, HUNG HOM, HK",https://www.greenprocapital.com,December,pass,2025-07-08 17:02:19.477177,2025-07-08 17:02:19.477177
6076,9629,SIG,Common Stock,Signet Jewelers Ltd,"Signet Jewelers Limited is engaged in the retail sale of diamond jewelry, watches and other products. The company is headquartered in Hamilton, Bermuda.",832988,NYSE,USD,USA,TRADE & SERVICES,RETAIL-JEWELRY STORES,"CLARENDON HOUSE, 2 CHURCH STREET, HAMILTON, BM",https://www.signetjewelers.com,January,pass,2025-07-08 15:03:44.654089,2025-07-08 15:03:44.654089
6609,10645,TRTN-P-E,Preferred Stock,TRTN-P-E,None,1660734,NYSE,USD,USA,TRADE & SERVICES,"SERVICES-EQUIPMENT RENTAL & LEASING, NEC","CANON'S COURT, 22 VICTORIA STREET, HAMILTON, BM",None,None,pass,2025-07-08 15:03:45.054484,2025-07-08 15:03:45.054484
7222,1837,CDE,Common Stock,Coeur Mining Inc,"Coeur Mining, Inc. explores, develops, produces and sells precious metals in the United States, Canada and Mexico. The company is headquartered in Chicago, Illinois.",215466,NYSE,USD,USA,ENERGY & TRANSPORTATION,GOLD AND SILVER ORES,"104 SOUTH MICHIGAN AVENUE, SUITE 900, CHICAGO, IL, US",https://www.coeur.com,December,pass,2025-07-08 15:03:43.529440,2025-07-08 15:03:43.529440
10473,1891,CERS,Common Stock,Cerus Corporation,"Cerus Corporation, a biomedical products company, is focused on developing and commercializing the INTERCEPT Blood System to improve blood safety. The company is headquartered in Concord, California.",1020214,NASDAQ,USD,USA,LIFE SCIENCES,SURGICAL & MEDICAL INSTRUMENTS & APPARATUS,"1220 CONCORD AVENUE, SUITE 600, CONCORD, CA, US",https://www.cerus.com,December,pass,2025-07-08 17:02:18.648427,2025-07-08 17:02:18.648427
9479,8238,PGC,Common Stock,Peapack-Gladstone Financial,"Peapack-Gladstone Financial Corporation is the banking holding company for Peapack-Gladstone Bank providing private banking and wealth management services in the United States. The company is headquartered in Bedminster, New Jersey.",1050743,NASDAQ,USD,USA,FINANCE,"COMMERCIAL BANKS, NEC","500 HILLS DRIVE, BEDMINSTER, NJ, US",https://www.peapackprivate.com,December,pass,2025-07-08 17:02:20.685030,2025-07-08 17:02:20.685030
7531,2358,CRGY,Common Stock,Crescent Energy Co,None,1866175,NYSE,USD,USA,ENERGY & TRANSPORTATION,CRUDE PETROLEUM & NATURAL GAS,"600 TRAVIS STREET, SUITE 7200, HOUSTON, TX, UNITED STATES",https://crescentenergyco.com,December,pass,2025-07-08 15:03:43.614622,2025-07-08 15:03:43.614622
10665,745,ASPSW,Common Stock,Altisource Portfolio Solutions S.A.,"Altisource Portfolio Solutions S.A. is an integrated service provider and marketplace for the real estate and mortgage industries in the United States. The company is headquartered in Luxembourg City, Luxembourg.",1462418,NASDAQ,USD,USA,TRADE & SERVICES,SERVICES-MISCELLANEOUS BUSINESS SERVICES,"40, AVENUE MONTEREY, L-2163 LUXEMBOURG CITY, GRAND DUCHY OF LUXEMBOURG, LU",https://www.altisource.com,December,pass,2025-07-08 17:02:18.769437,2025-07-08 17:02:18.769437
9840,5586,IRON,Common Stock,Disc Medicine Inc.,"Disc Medicine, Inc., a clinical-stage biotechnology company, engages in discovery, development, and commercialization of novel treatments for patients suffering from serious hematologic diseases. The company is headquartered in Watertown, Massachusetts.",1816736,NASDAQ,USD,USA,LIFE SCIENCES,PHARMACEUTICAL PREPARATIONS,"C/O FORESITE CAPITAL, 600 MONTGOMERY ST, SUITE 4500, SAN FRANCISCO, CA, US",https://www.discmedicine.com,December,pass,2025-07-08 17:02:20.430293,2025-07-08 17:02:20.430293
6326,7971,OUST-WS,,,,,,,,,,,,,fail,2025-07-08 15:03:44.423648,2025-07-08 15:03:44.423648
